--
-- PostgreSQL database dump
--

-- Dumped from database version 13.5
-- Dumped by pg_dump version 13.5

SET statement_timeout = 0;
SET lock_timeout = 0;
SET idle_in_transaction_session_timeout = 0;
SET client_encoding = 'UTF8';
SET standard_conforming_strings = on;
SELECT pg_catalog.set_config('search_path', '', false);
SET check_function_bodies = false;
SET xmloption = content;
SET client_min_messages = warning;
SET row_security = off;

SET default_tablespace = '';

SET default_table_access_method = heap;

--
-- Name: category; Type: TABLE; Schema: public; Owner: postgres
--

CREATE TABLE public.category (
    ccategory character(3) NOT NULL,
    cdescription character varying(25) NOT NULL,
    cstate character(1) DEFAULT 'A'::bpchar NOT NULL,
    cuser character(6) NOT NULL,
    tmodifi timestamp without time zone DEFAULT now() NOT NULL
);


ALTER TABLE public.category OWNER TO postgres;

--
-- Name: product; Type: TABLE; Schema: public; Owner: postgres
--

CREATE TABLE public.product (
    ccategory character(3) NOT NULL,
    cproductname character varying(100) NOT NULL,
    nmajorityprice numeric(12,4) NOT NULL,
    nunitprice numeric(12,2) NOT NULL,
    nstock numeric(5,0) DEFAULT 0.00 NOT NULL,
    csupplierbce character(10) NOT NULL,
    cstate character(1) DEFAULT 'A'::bpchar NOT NULL,
    cuser character(6) NOT NULL,
    tmodifi timestamp without time zone DEFAULT now() NOT NULL
);


ALTER TABLE public.product OWNER TO postgres;

--
-- Name: purchase_order; Type: TABLE; Schema: public; Owner: postgres
--

CREATE TABLE public.purchase_order (
    norderuuid integer NOT NULL,
    csupplierbce character(10) NOT NULL,
    torderdate timestamp without time zone DEFAULT now() NOT NULL,
    torderdelivered timestamp without time zone,
    torderinvoice timestamp without time zone,
    ndeliverycost numeric(5,2),
    ntotalcost numeric(12,2),
    npaymentdays numeric(3,0),
    tpaymentdate timestamp without time zone,
    npaymentlimit numeric(3,0),
    ndiscount numeric(3,2),
    ndiscountdays numeric(3,0),
    cstate character(1) DEFAULT 'A'::bpchar NOT NULL,
    cuser character(6) NOT NULL,
    tmodifi timestamp without time zone DEFAULT now() NOT NULL,
    warehousecode character(10)
);


ALTER TABLE public.purchase_order OWNER TO postgres;

--
-- Name: purchase_order_detail; Type: TABLE; Schema: public; Owner: postgres
--

CREATE TABLE public.purchase_order_detail (
    norderdetailuuid smallint NOT NULL,
    norderuuid integer NOT NULL,
    ccategory character(3) NOT NULL,
    cproductname character varying(100) NOT NULL,
    nprice numeric(12,2) NOT NULL,
    nquantity numeric(5,0) NOT NULL
);


ALTER TABLE public.purchase_order_detail OWNER TO postgres;

--
-- Name: purchase_order_detail_norderdetailuuid_seq; Type: SEQUENCE; Schema: public; Owner: postgres
--

CREATE SEQUENCE public.purchase_order_detail_norderdetailuuid_seq
    AS smallint
    START WITH 1
    INCREMENT BY 1
    NO MINVALUE
    NO MAXVALUE
    CACHE 1;


ALTER TABLE public.purchase_order_detail_norderdetailuuid_seq OWNER TO postgres;

--
-- Name: purchase_order_detail_norderdetailuuid_seq; Type: SEQUENCE OWNED BY; Schema: public; Owner: postgres
--

ALTER SEQUENCE public.purchase_order_detail_norderdetailuuid_seq OWNED BY public.purchase_order_detail.norderdetailuuid;


--
-- Name: purchase_order_norderuuid_seq; Type: SEQUENCE; Schema: public; Owner: postgres
--

CREATE SEQUENCE public.purchase_order_norderuuid_seq
    AS integer
    START WITH 1
    INCREMENT BY 1
    NO MINVALUE
    NO MAXVALUE
    CACHE 1;


ALTER TABLE public.purchase_order_norderuuid_seq OWNER TO postgres;

--
-- Name: purchase_order_norderuuid_seq; Type: SEQUENCE OWNED BY; Schema: public; Owner: postgres
--

ALTER SEQUENCE public.purchase_order_norderuuid_seq OWNED BY public.purchase_order.norderuuid;


--
-- Name: supplier; Type: TABLE; Schema: public; Owner: postgres
--

CREATE TABLE public.supplier (
    csupplierbce character(10) NOT NULL,
    csuppliername character varying(100) NOT NULL,
    ccountry character(3) NOT NULL,
    cpostalcode character varying(20) NOT NULL,
    caddress character varying(250) NOT NULL,
    cphone character varying(25),
    cstate character(1) DEFAULT 'A'::bpchar NOT NULL,
    cuser character(6) NOT NULL,
    tmodifi timestamp without time zone DEFAULT now() NOT NULL
);


ALTER TABLE public.supplier OWNER TO postgres;

--
-- Name: supplier_contact; Type: TABLE; Schema: public; Owner: postgres
--

CREATE TABLE public.supplier_contact (
    ccontactidentity character(11) NOT NULL,
    ccontactname character varying(100) NOT NULL,
    cemail character varying(50) NOT NULL,
    cphone1 character varying(25),
    cphone2 character varying(25),
    csupplierbce character(10) NOT NULL,
    cstate character(1) DEFAULT 'A'::bpchar NOT NULL,
    cuser character(6) NOT NULL,
    tmodifi timestamp without time zone DEFAULT now() NOT NULL
);


ALTER TABLE public.supplier_contact OWNER TO postgres;

--
-- Name: v_product; Type: VIEW; Schema: public; Owner: postgres
--

CREATE VIEW public.v_product AS
 SELECT replace("substring"(((product.ccategory)::text || (product.cproductname)::text), 1, 30), ' '::text, ''::text) AS sku,
    ''::text AS brand,
    product.ccategory AS category,
    ''::text AS color,
    ''::text AS itemcondition,
    ''::text AS model,
    ''::text AS date_added,
    product.cproductname AS description,
    product.nunitprice AS price,
    product.nstock AS stockquantity
   FROM public.product;


ALTER TABLE public.v_product OWNER TO postgres;

--
-- Name: v_supplier; Type: VIEW; Schema: public; Owner: postgres
--

CREATE VIEW public.v_supplier AS
 SELECT supplier.csupplierbce AS bce,
    supplier.csuppliername AS companyname,
    supplier.ccountry AS addresscountry,
    supplier.cpostalcode AS postalcode,
    supplier.caddress AS streetaddress,
    ''::text AS addresslocality,
    ''::text AS url,
    ''::text AS addresscity,
    supplier.cphone AS telephone,
    ''::text AS email
   FROM public.supplier;


ALTER TABLE public.v_supplier OWNER TO postgres;

--
-- Name: v_supplies; Type: VIEW; Schema: public; Owner: postgres
--

CREATE VIEW public.v_supplies AS
 SELECT purchase_order.norderuuid AS suppliesid,
    purchase_order.torderdelivered AS arrivaldate,
    purchase_order.cstate AS supplystate,
    purchase_order.warehousecode
   FROM public.purchase_order;


ALTER TABLE public.v_supplies OWNER TO postgres;

--
-- Name: v_suppliesstock; Type: VIEW; Schema: public; Owner: postgres
--

CREATE VIEW public.v_suppliesstock AS
 SELECT purchase_order_detail.norderdetailuuid AS supply,
    purchase_order_detail.norderuuid AS supplies,
    purchase_order_detail.ccategory AS category,
    purchase_order_detail.cproductname AS product,
    purchase_order_detail.nquantity AS quantity,
    purchase_order_detail.nprice AS price
   FROM public.purchase_order_detail;


ALTER TABLE public.v_suppliesstock OWNER TO postgres;

--
-- Name: warehouse; Type: TABLE; Schema: public; Owner: postgres
--

CREATE TABLE public.warehouse (
    bce character(10) NOT NULL,
    email character varying(128),
    telephone_number character varying(20),
    address character varying(128),
    name character varying(128)
);


ALTER TABLE public.warehouse OWNER TO postgres;

--
-- Name: v_warehouse; Type: VIEW; Schema: public; Owner: postgres
--

CREATE VIEW public.v_warehouse AS
 SELECT warehouse.bce AS warehousecode,
    warehouse.email,
    warehouse.telephone_number AS telephone,
    ''::text AS addresscountry,
    ''::text AS addresscity,
    warehouse.address AS streetaddress,
    ''::text AS postalcode,
    ''::text AS addresslocality,
    warehouse.name AS companyname
   FROM public.warehouse;


ALTER TABLE public.v_warehouse OWNER TO postgres;

--
-- Name: purchase_order norderuuid; Type: DEFAULT; Schema: public; Owner: postgres
--

ALTER TABLE ONLY public.purchase_order ALTER COLUMN norderuuid SET DEFAULT nextval('public.purchase_order_norderuuid_seq'::regclass);


--
-- Name: purchase_order_detail norderdetailuuid; Type: DEFAULT; Schema: public; Owner: postgres
--

ALTER TABLE ONLY public.purchase_order_detail ALTER COLUMN norderdetailuuid SET DEFAULT nextval('public.purchase_order_detail_norderdetailuuid_seq'::regclass);


--
-- Data for Name: category; Type: TABLE DATA; Schema: public; Owner: postgres
--

COPY public.category (ccategory, cdescription, cstate, cuser, tmodifi) FROM stdin;
GRO	Grocery	A	U00001	2021-11-09 16:12:19.027533
HEA	Health	A	U00001	2021-11-09 16:12:19.027533
ELE	Electronics	A	U00001	2021-11-09 16:12:19.027533
HOM	Home	A	U00001	2021-11-09 16:12:19.027533
\.


--
-- Data for Name: product; Type: TABLE DATA; Schema: public; Owner: postgres
--

COPY public.product (ccategory, cproductname, nmajorityprice, nunitprice, nstock, csupplierbce, cstate, cuser, tmodifi) FROM stdin;
GRO	Capon - Breast, Double, Wing On	5.7380	6.04	72	4946126393	A	U00001	2021-11-09 16:30:52.374876
GRO	Vinegar - Sherry	1.0070	1.06	85	7976228315	A	U00001	2021-11-09 16:30:52.374876
GRO	Cheese Cloth	7.6570	8.06	54	6876179555	A	U00001	2021-11-09 16:30:52.374876
GRO	Bar - Sweet And Salty Chocolate	9.3005	9.79	1	2096652538	A	U00001	2021-11-09 16:30:52.374876
GRO	Paper - Brown Paper Mini Cups	2.7075	2.85	90	6668466534	A	U00001	2021-11-09 16:30:52.374876
GRO	Coffee Sugar Biscotti	4.8735	5.13	18	0597879662	A	U00001	2021-11-09 16:30:52.374876
GRO	Stock - Fish	1.3585	1.43	78	5558036807	A	U00001	2021-11-09 16:30:52.374876
GRO	Cheese - Valancey	6.7165	7.07	57	7501933257	A	U00001	2021-11-09 16:30:52.374876
GRO	Wine - Zonnebloem Pinotage	4.8070	5.06	74	3472355586	A	U00001	2021-11-09 16:30:52.374876
GRO	Soup - Campbells, Spinach Crm	8.6830	9.14	43	5618681673	A	U00001	2021-11-09 16:30:52.374876
GRO	Ranchero - Primerba, Paste	3.6385	3.83	37	2711492855	A	U00001	2021-11-09 16:30:52.374876
GRO	Monkfish - Fresh	8.8920	9.36	20	4266613467	A	U00001	2021-11-09 16:30:52.374876
GRO	Soup - Campbells - Chicken Noodle	8.9585	9.43	51	4801688228	A	U00001	2021-11-09 16:30:52.374876
GRO	Chocolate - Chips Compound	2.0045	2.11	22	2803167613	A	U00001	2021-11-09 16:30:52.374876
GRO	Wasabi Powder	8.5120	8.96	61	5036986834	A	U00001	2021-11-09 16:30:52.374876
GRO	Sauce - Rosee	8.0275	8.45	67	5137904499	A	U00001	2021-11-09 16:30:52.374876
GRO	Chicken - Leg, Fresh	5.2725	5.55	23	1160131104	A	U00001	2021-11-09 16:30:52.374876
GRO	General Purpose Trigger	3.5150	3.70	53	8216993412	A	U00001	2021-11-09 16:30:52.374876
GRO	Gatorade - Fruit Punch	3.4010	3.58	94	5079289663	A	U00001	2021-11-09 16:30:52.374876
GRO	Muffin Mix - Blueberry	5.2915	5.57	60	4946126393	A	U00001	2021-11-09 16:30:52.374876
GRO	Bread - Sour Sticks With Onion	9.1865	9.67	36	7976228315	A	U00001	2021-11-09 16:30:52.374876
GRO	Halibut - Steaks	3.2205	3.39	14	6876179555	A	U00001	2021-11-09 16:30:52.374876
GRO	Soup - Campbells Beef Noodle	9.0250	9.50	24	2096652538	A	U00001	2021-11-09 16:30:52.374876
GRO	Flour - Bran, Red	7.2960	7.68	46	6668466534	A	U00001	2021-11-09 16:30:52.374876
GRO	Broccoli - Fresh	7.4100	7.80	29	0597879662	A	U00001	2021-11-09 16:30:52.374876
GRO	Flour - So Mix Cake White	6.6120	6.96	75	5558036807	A	U00001	2021-11-09 16:30:52.374876
GRO	Table Cloth 62x114 White	1.9095	2.01	87	7501933257	A	U00001	2021-11-09 16:30:52.374876
GRO	Lamb - Sausage Casings	6.9350	7.30	70	3472355586	A	U00001	2021-11-09 16:30:52.374876
GRO	Veal - Ground	5.4435	5.73	40	5618681673	A	U00001	2021-11-09 16:30:52.374876
GRO	Sausage - Liver	7.0490	7.42	83	2711492855	A	U00001	2021-11-09 16:30:52.374876
GRO	Oil - Coconut	1.7955	1.89	79	4266613467	A	U00001	2021-11-09 16:30:52.374876
GRO	Vermouth - Sweet, Cinzano	4.5885	4.83	10	4801688228	A	U00001	2021-11-09 16:30:52.374876
GRO	Cardamon Ground	7.5810	7.98	74	2803167613	A	U00001	2021-11-09 16:30:52.374876
GRO	Ice Cream Bar - Hagen Daz	2.0330	2.14	35	5036986834	A	U00001	2021-11-09 16:30:52.374876
GRO	Wine - Ej Gallo Sonoma	3.3250	3.50	24	5137904499	A	U00001	2021-11-09 16:30:52.374876
GRO	Butter Sweet	5.9470	6.26	57	1160131104	A	U00001	2021-11-09 16:30:52.374876
GRO	Cheese - Mix	0.9690	1.02	0	8216993412	A	U00001	2021-11-09 16:30:52.374876
GRO	Pork - Chop, Frenched	0.4655	0.49	87	5079289663	A	U00001	2021-11-09 16:30:52.374876
GRO	Quail - Eggs, Fresh	4.8830	5.14	10	4946126393	A	U00001	2021-11-09 16:30:52.374876
GRO	Wine - Cave Springs Dry Riesling	3.7620	3.96	22	7976228315	A	U00001	2021-11-09 16:30:52.374876
GRO	Ecolab Crystal Fusion	6.4220	6.76	6	6876179555	A	U00001	2021-11-09 16:30:52.374876
GRO	Beef - Tongue, Fresh	3.4770	3.66	97	2096652538	A	U00001	2021-11-09 16:30:52.374876
GRO	Vinegar - Red Wine	6.5550	6.90	92	6668466534	A	U00001	2021-11-09 16:30:52.374876
GRO	Bar Nature Valley	7.0585	7.43	69	0597879662	A	U00001	2021-11-09 16:30:52.374876
GRO	Mushroom - Portebello	7.0015	7.37	6	5558036807	A	U00001	2021-11-09 16:30:52.374876
GRO	Tuna - Fresh	9.0630	9.54	66	7501933257	A	U00001	2021-11-09 16:30:52.374876
GRO	Swiss Chard - Red	6.8115	7.17	25	3472355586	A	U00001	2021-11-09 16:30:52.374876
GRO	Coffee Caramel Biscotti	3.3155	3.49	24	5618681673	A	U00001	2021-11-09 16:30:52.374876
GRO	Salmon Steak - Cohoe 6 Oz	4.0850	4.30	1	2711492855	A	U00001	2021-11-09 16:30:52.374876
GRO	Pie Filling - Cherry	3.9615	4.17	54	4266613467	A	U00001	2021-11-09 16:30:52.374876
GRO	Crackers - Graham	8.6640	9.12	31	4801688228	A	U00001	2021-11-09 16:30:52.374876
GRO	Buffalo - Tenderloin	8.3410	8.78	35	2803167613	A	U00001	2021-11-09 16:30:52.374876
GRO	Mustard - Individual Pkg	7.8185	8.23	42	5036986834	A	U00001	2021-11-09 16:30:52.374876
GRO	Bacardi Breezer - Tropical	5.0825	5.35	31	5137904499	A	U00001	2021-11-09 16:30:52.374876
GRO	Sauce - Apple, Unsweetened	1.8810	1.98	1	1160131104	A	U00001	2021-11-09 16:30:52.374876
GRO	Veal - Leg	1.4155	1.49	25	8216993412	A	U00001	2021-11-09 16:30:52.374876
GRO	Pork - Tenderloin, Frozen	3.9140	4.12	80	5079289663	A	U00001	2021-11-09 16:30:52.374876
GRO	Bread - Rye	9.4525	9.95	50	4946126393	A	U00001	2021-11-09 16:30:52.374876
GRO	Onions Granulated	1.0925	1.15	14	7976228315	A	U00001	2021-11-09 16:30:52.374876
GRO	Beef Dry Aged Tenderloin Aaa	1.4155	1.49	34	6876179555	A	U00001	2021-11-09 16:30:52.374876
GRO	Juice - V8, Tomato	0.5795	0.61	75	2096652538	A	U00001	2021-11-09 16:30:52.374876
GRO	Chinese Foods - Plain Fried Rice	6.0420	6.36	88	6668466534	A	U00001	2021-11-09 16:30:52.374876
GRO	Cape Capensis - Fillet	6.4600	6.80	40	0597879662	A	U00001	2021-11-09 16:30:52.374876
GRO	Duck - Whole	4.3130	4.54	1	5558036807	A	U00001	2021-11-09 16:30:52.374876
GRO	Beef - Kindney, Whole	4.8450	5.10	43	7501933257	A	U00001	2021-11-09 16:30:52.374876
GRO	Vinegar - Champagne	8.2175	8.65	50	3472355586	A	U00001	2021-11-09 16:30:52.374876
GRO	Clams - Canned	4.6455	4.89	23	5618681673	A	U00001	2021-11-09 16:30:52.374876
GRO	Beer - Camerons Auburn	8.7780	9.24	10	2711492855	A	U00001	2021-11-09 16:30:52.374876
GRO	Star Fruit	2.2990	2.42	79	4266613467	A	U00001	2021-11-09 16:30:52.374876
GRO	Chef Hat 25cm	8.3790	8.82	50	4801688228	A	U00001	2021-11-09 16:30:52.374876
GRO	Piping - Bags Quizna	2.7360	2.88	80	2803167613	A	U00001	2021-11-09 16:30:52.374876
GRO	Garbage Bags - Clear	5.2345	5.51	8	5036986834	A	U00001	2021-11-09 16:30:52.374876
GRO	Guinea Fowl	8.5785	9.03	67	5137904499	A	U00001	2021-11-09 16:30:52.374876
GRO	Ice Cream - Strawberry	8.1130	8.54	39	1160131104	A	U00001	2021-11-09 16:30:52.374876
GRO	Onions - Cippolini	6.6880	7.04	41	8216993412	A	U00001	2021-11-09 16:30:52.374876
GRO	Tea - Lemon Green Tea	0.1140	0.12	46	5079289663	A	U00001	2021-11-09 16:30:52.374876
GRO	Coffee Cup 12oz 5342cd	2.1850	2.30	74	4946126393	A	U00001	2021-11-09 16:30:52.374876
GRO	Potatoes - Idaho 80 Count	2.0710	2.18	57	7976228315	A	U00001	2021-11-09 16:30:52.374876
GRO	Remy Red	7.6000	8.00	11	6876179555	A	U00001	2021-11-09 16:30:52.374876
GRO	Cleaner - Comet	5.7380	6.04	12	2096652538	A	U00001	2021-11-09 16:30:52.374876
GRO	Island Oasis - Magarita Mix	2.8025	2.95	51	6668466534	A	U00001	2021-11-09 16:30:52.374876
GRO	Pears - Bosc	8.3220	8.76	98	0597879662	A	U00001	2021-11-09 16:30:52.374876
GRO	Toothpick Frilled	4.6170	4.86	34	5558036807	A	U00001	2021-11-09 16:30:52.374876
GRO	Mushroom - Morel Frozen	5.8045	6.11	98	7501933257	A	U00001	2021-11-09 16:30:52.374876
GRO	Cup Translucent 9 Oz	1.4155	1.49	3	3472355586	A	U00001	2021-11-09 16:30:52.374876
GRO	Capers - Pickled	8.6355	9.09	26	5618681673	A	U00001	2021-11-09 16:30:52.374876
GRO	Lamb - Rack	4.0375	4.25	63	2711492855	A	U00001	2021-11-09 16:30:52.374876
GRO	Pasta - Lasagna, Dry	4.8545	5.11	82	4266613467	A	U00001	2021-11-09 16:30:52.374876
GRO	Bread - Roll, Italian	9.4240	9.92	69	4801688228	A	U00001	2021-11-09 16:30:52.374876
GRO	Greens Mustard	1.5390	1.62	94	2803167613	A	U00001	2021-11-09 16:30:52.374876
GRO	Shrimp - Black Tiger 16/20	3.7145	3.91	48	5036986834	A	U00001	2021-11-09 16:30:52.374876
GRO	Cookie Double Choco	9.0250	9.50	80	5137904499	A	U00001	2021-11-09 16:30:52.374876
GRO	Wine - Magnotta - Belpaese	8.7400	9.20	97	1160131104	A	U00001	2021-11-09 16:30:52.374876
GRO	Pork - Sausage Casing	9.3860	9.88	85	8216993412	A	U00001	2021-11-09 16:30:52.374876
GRO	Rum - Dark, Bacardi, Black	4.9875	5.25	13	5079289663	A	U00001	2021-11-09 16:30:52.374876
GRO	Salmon - Sockeye Raw	8.0560	8.48	41	4946126393	A	U00001	2021-11-09 16:30:52.374876
GRO	Puree - Raspberry	0.6555	0.69	72	7976228315	A	U00001	2021-11-09 16:30:52.374876
GRO	Bar - Granola Trail Mix Fruit Nut	2.0330	2.14	17	6876179555	A	U00001	2021-11-09 16:30:52.374876
GRO	Vermouth - White, Cinzano	1.5295	1.61	70	2096652538	A	U00001	2021-11-09 16:30:52.374876
HOM	Plexiglass	5.9172	6.04	43	6696255009	A	U00001	2021-11-09 16:48:12.727915
HOM	Steel	1.2809	1.31	37	4640897605	A	U00001	2021-11-09 16:48:12.727915
HOM	Glass	7.7979	7.96	20	4292090059	A	U00001	2021-11-09 16:48:12.727915
HOM	Granite	9.4085	9.60	51	1570632968	A	U00001	2021-11-09 16:48:12.727915
HOM	Rubber	2.9474	3.01	22	0797065603	A	U00001	2021-11-09 16:48:12.727915
HOM	Plastic	5.0700	5.17	61	7890942512	A	U00001	2021-11-09 16:48:12.727915
HOM	Vinyl	1.6253	1.66	67	9628054033	A	U00001	2021-11-09 16:48:12.727915
HOM	Brass	6.8762	7.02	23	6447318564	A	U00001	2021-11-09 16:48:12.727915
HOM	Stone	5.0049	5.11	53	3459101537	A	U00001	2021-11-09 16:48:12.727915
HOM	Aluminum	8.8033	8.98	94	4454865592	A	U00001	2021-11-09 16:48:12.727915
HOM	Wood	3.8597	3.94	60	4444796636	A	U00001	2021-11-09 16:48:12.727915
HOM	Plexiglass v2	9.0082	9.19	36	4889252088	A	U00001	2021-11-09 16:48:12.727915
HOM	Steel v2	9.0733	9.26	14	6953470606	A	U00001	2021-11-09 16:48:12.727915
HOM	Glass v2	2.2584	2.30	24	0840682039	A	U00001	2021-11-09 16:48:12.727915
HOM	Granite v2	8.6358	8.81	46	8444388162	A	U00001	2021-11-09 16:48:12.727915
HOM	Rubber v2	8.1610	8.33	29	9897698242	A	U00001	2021-11-09 16:48:12.727915
HOM	Plastic v2	5.4611	5.57	75	6650993564	A	U00001	2021-11-09 16:48:12.727915
HOM	Vinyl v2	3.7387	3.82	87	0042058140	A	U00001	2021-11-09 16:48:12.727915
HOM	Brass v2	3.6270	3.70	70	5011125674	A	U00001	2021-11-09 16:48:12.727915
HOM	Stone v2	5.4797	5.59	40	4753757651	A	U00001	2021-11-09 16:48:12.727915
HOM	Aluminum v2	9.2968	9.49	83	6696255009	A	U00001	2021-11-09 16:48:12.727915
HOM	Wood v2	3.4501	3.52	79	4640897605	A	U00001	2021-11-09 16:48:12.727915
\.


--
-- Data for Name: purchase_order; Type: TABLE DATA; Schema: public; Owner: postgres
--

COPY public.purchase_order (norderuuid, csupplierbce, torderdate, torderdelivered, torderinvoice, ndeliverycost, ntotalcost, npaymentdays, tpaymentdate, npaymentlimit, ndiscount, ndiscountdays, cstate, cuser, tmodifi, warehousecode) FROM stdin;
55	5558036807	2021-02-27 14:05:39	2021-03-12 05:00:54	2021-03-03 05:00:54	7.60	2091.35	30	2021-03-29 00:00:00	61	4.82	13	A	U00001	2021-11-09 20:06:55.067063	1024444158
23	1570632968	2021-02-14 02:42:31	2021-03-09 05:00:22	2021-02-19 05:00:22	4.55	855.40	30	2021-03-16 00:00:00	32	2.02	12	A	U00001	2021-11-09 20:06:55.067063	1024444158
58	5079289663	2021-09-21 16:14:07	2021-10-15 05:00:57	2021-09-22 05:00:57	9.35	1341.60	30	2021-10-21 00:00:00	39	4.72	20	A	U00001	2021-11-09 20:06:55.067063	1024444158
74	6876179555	2021-04-11 05:38:51	2021-04-23 05:00:14	2021-04-15 05:00:14	6.40	1453.65	30	2021-05-11 00:00:00	38	1.32	11	A	U00001	2021-11-09 20:06:55.067063	1024444158
29	4454865592	2021-06-29 23:16:59	2021-07-28 05:00:28	2021-07-01 05:00:28	6.65	1126.51	30	2021-07-29 00:00:00	54	3.13	13	A	U00001	2021-11-09 20:06:55.067063	1024444158
68	4454865592	2021-01-14 03:33:10	2021-01-29 05:00:08	2021-01-17 05:00:08	5.70	901.74	30	2021-02-13 00:00:00	34	2.39	18	A	U00001	2021-11-09 20:06:55.067063	1024444158
34	8444388162	2021-04-06 05:13:38	2021-05-04 05:00:33	2021-04-08 05:00:33	5.45	839.30	30	2021-05-06 00:00:00	83	3.14	15	A	U00001	2021-11-09 20:06:55.067063	1024444158
51	4266613467	2021-07-03 16:17:33	2021-07-26 05:00:50	2021-07-04 05:00:50	6.45	1491.60	30	2021-08-02 00:00:00	66	3.40	17	A	U00001	2021-11-09 20:06:55.067063	1024444158
96	7976228315	2021-10-02 15:21:23	2021-10-16 05:00:36	2021-10-03 05:00:36	8.95	1534.45	30	2021-11-01 00:00:00	69	3.25	18	A	U00001	2021-11-09 20:06:55.067063	1024444158
80	7976228315	2021-06-11 10:51:11	2021-07-08 05:00:20	2021-06-12 05:00:20	7.90	1357.68	30	2021-07-11 00:00:00	74	2.53	16	A	U00001	2021-11-09 20:06:55.067063	1024444158
67	3459101537	2021-09-11 08:52:37	2021-09-30 05:00:07	2021-09-15 05:00:07	5.95	593.81	30	2021-10-11 00:00:00	72	1.23	13	A	U00001	2021-11-09 20:06:55.067063	1024444158
90	4266613467	2021-07-03 17:15:07	2021-07-23 05:00:30	2021-07-07 05:00:30	8.20	1729.57	30	2021-08-02 00:00:00	48	3.35	16	A	U00001	2021-11-09 20:06:55.067063	1024444158
35	7976228315	2021-06-09 13:03:51	2021-06-18 05:00:34	2021-06-10 05:00:34	7.85	1548.97	30	2021-07-09 00:00:00	45	2.02	16	A	U00001	2021-11-09 20:06:55.067063	1024444158
86	5558036807	2021-07-20 10:37:45	2021-08-06 05:00:26	2021-07-21 05:00:26	8.65	2188.03	30	2021-08-19 00:00:00	69	2.51	17	A	U00001	2021-11-09 20:06:55.067063	1024444158
39	5558036807	2021-02-28 04:49:42	2021-03-27 05:00:38	2021-03-03 05:00:38	6.45	1697.85	30	2021-03-30 00:00:00	82	1.32	12	A	U00001	2021-11-09 20:06:55.067063	1024444158
92	2803167613	2021-09-19 22:37:01	2021-10-17 05:00:32	2021-09-21 05:00:32	6.90	1911.81	30	2021-10-19 00:00:00	50	3.71	20	A	U00001	2021-11-09 20:06:55.067063	1024444158
93	5036986834	2021-03-13 20:45:37	2021-03-18 05:00:33	2021-03-15 05:00:33	5.25	2151.40	30	2021-04-12 00:00:00	38	1.84	16	A	U00001	2021-11-09 20:06:55.067063	1024444158
89	2711492855	2021-06-09 03:07:30	2021-07-01 05:00:29	2021-06-13 05:00:29	6.55	2249.67	30	2021-07-09 00:00:00	86	1.57	17	A	U00001	2021-11-09 20:06:55.067063	1024444158
36	6876179555	2021-04-15 16:41:11	2021-04-21 05:00:35	2021-04-16 05:00:35	5.85	2305.58	30	2021-05-15 00:00:00	47	1.77	19	A	U00001	2021-11-09 20:06:55.067063	1024444158
31	4889252088	2021-06-11 03:33:58	2021-07-01 05:00:30	2021-06-13 05:00:30	4.85	799.28	30	2021-07-11 00:00:00	84	2.93	11	A	U00001	2021-11-09 20:06:55.067063	1024444158
50	2711492855	2021-04-27 00:06:19	2021-05-07 05:00:49	2021-04-29 05:00:49	7.60	2471.62	30	2021-05-27 00:00:00	59	3.26	14	A	U00001	2021-11-09 20:06:55.067063	1024444158
97	6876179555	2021-09-20 08:43:53	2021-10-01 05:00:37	2021-09-25 05:00:37	4.95	1567.31	30	2021-10-20 00:00:00	58	1.43	18	A	U00001	2021-11-09 20:06:55.067063	1024444158
66	6447318564	2021-07-22 14:45:42	2021-08-16 05:00:06	2021-07-24 05:00:06	4.85	610.13	30	2021-08-21 00:00:00	81	2.29	11	A	U00001	2021-11-09 20:06:55.067063	1024444158
22	6668466534	2021-09-12 00:41:59	2021-09-19 05:00:21	2021-09-13 05:00:21	9.10	2664.13	30	2021-10-12 00:00:00	88	3.22	16	A	U00001	2021-11-09 20:06:55.067063	1024444158
59	6696255009	2021-04-27 03:12:07	2021-05-25 05:00:58	2021-05-02 05:00:58	6.35	1691.58	30	2021-05-27 00:00:00	74	2.80	10	A	U00001	2021-11-09 20:06:55.067063	1024444158
2	7976228315	2021-04-03 13:01:37	2021-04-29 05:00:01	2021-04-04 05:00:01	7.65	1466.82	30	2021-05-03 00:00:00	79	4.92	14	A	U00001	2021-11-09 20:06:55.067063	1024444158
62	1570632968	2021-03-27 02:12:54	2021-04-08 05:00:02	2021-03-29 05:00:02	6.60	1193.28	30	2021-04-26 00:00:00	70	2.92	19	A	U00001	2021-11-09 20:06:55.067063	1024444158
75	2096652538	2021-05-02 06:12:28	2021-05-17 05:00:15	2021-05-06 05:00:15	7.55	1974.72	30	2021-06-01 00:00:00	33	3.12	14	A	U00001	2021-11-09 20:06:55.067063	1024444158
98	2096652538	2021-04-16 13:32:45	2021-05-04 05:00:38	2021-04-18 05:00:38	8.20	2479.27	30	2021-05-16 00:00:00	90	3.36	11	A	U00001	2021-11-09 20:06:55.067063	1024444158
73	7976228315	2021-03-05 13:01:45	2021-03-25 05:00:13	2021-03-07 05:00:13	6.45	1350.97	30	2021-04-04 00:00:00	60	1.23	16	A	U00001	2021-11-09 20:06:55.067063	1024444158
44	6668466534	2021-06-10 18:15:38	2021-06-21 05:00:43	2021-06-13 05:00:43	8.10	2485.77	30	2021-07-10 00:00:00	87	4.44	11	A	U00001	2021-11-09 20:06:55.067063	1024444158
42	6876179555	2021-06-19 21:13:47	2021-07-10 05:00:41	2021-06-22 05:00:41	4.45	1483.15	30	2021-07-19 00:00:00	71	2.42	13	A	U00001	2021-11-09 20:06:55.067063	1024444158
99	6668466534	2021-07-04 06:00:58	2021-07-14 05:00:39	2021-07-09 05:00:39	8.15	2659.82	30	2021-08-03 00:00:00	69	4.49	16	A	U00001	2021-11-09 20:06:55.067063	1024444158
88	5618681673	2021-05-13 11:26:15	2021-06-02 05:00:28	2021-05-18 05:00:28	5.55	2412.30	30	2021-06-12 00:00:00	57	3.42	18	A	U00001	2021-11-09 20:06:55.067063	1024444158
82	2096652538	2021-10-16 00:36:33	2021-11-10 05:00:22	2021-10-17 05:00:22	8.35	2005.51	30	2021-11-15 00:00:00	58	4.42	15	A	U00001	2021-11-09 20:06:55.067063	1024444158
41	7976228315	2021-03-04 07:02:09	2021-03-31 05:00:40	2021-03-05 05:00:40	7.90	1565.44	30	2021-04-03 00:00:00	68	4.73	14	A	U00001	2021-11-09 20:06:55.067063	1024444158
46	5558036807	2021-03-01 12:00:55	2021-03-16 05:00:45	2021-03-06 05:00:45	7.90	1670.61	30	2021-03-31 00:00:00	44	4.56	19	A	U00001	2021-11-09 20:06:55.067063	1024444158
43	2096652538	2021-05-13 12:41:09	2021-06-02 05:00:42	2021-05-15 05:00:42	9.85	1980.74	30	2021-06-12 00:00:00	61	1.88	19	A	U00001	2021-11-09 20:06:55.067063	1024444158
53	7976228315	2021-05-07 10:30:57	2021-05-17 05:00:52	2021-05-12 05:00:52	9.00	1163.39	30	2021-06-06 00:00:00	64	3.96	20	A	U00001	2021-11-09 20:06:55.067063	1024444158
7	5558036807	2021-08-07 12:35:18	2021-08-27 05:00:06	2021-08-10 05:00:06	6.35	1707.48	30	2021-09-06 00:00:00	32	1.89	10	A	U00001	2021-11-09 20:06:55.067063	1024444158
9	3472355586	2021-04-01 19:19:23	2021-04-23 05:00:08	2021-04-05 05:00:08	6.30	2623.41	30	2021-05-01 00:00:00	68	1.28	13	A	U00001	2021-11-09 20:06:55.067063	1024444158
100	4292090059	2021-10-12 19:44:31	2021-10-21 05:00:40	2021-10-15 05:00:40	5.10	786.42	30	2021-11-11 00:00:00	70	3.16	14	A	U00001	2021-11-09 20:06:55.067063	1024444158
12	4266613467	2021-11-08 15:38:37	2021-12-06 05:00:11	2021-11-11 05:00:11	7.55	1690.42	30	2021-12-08 00:00:00	72	2.31	20	A	U00001	2021-11-09 20:06:55.067063	1024444158
78	4753757651	2021-01-25 15:43:32	2021-02-09 05:00:18	2021-01-28 05:00:18	5.95	641.41	30	2021-02-24 00:00:00	40	1.29	17	A	U00001	2021-11-09 20:06:55.067063	1024444158
57	8216993412	2021-05-30 15:46:01	2021-06-12 05:00:56	2021-06-01 05:00:56	7.80	2261.68	30	2021-06-29 00:00:00	73	3.83	12	A	U00001	2021-11-09 20:06:55.067063	1024444158
19	7976228315	2021-07-24 01:57:37	2021-08-07 05:00:18	2021-07-29 05:00:18	8.75	1440.67	30	2021-08-23 00:00:00	42	1.89	14	A	U00001	2021-11-09 20:06:55.067063	1024444158
81	6876179555	2021-08-12 05:00:04	2021-09-06 05:00:21	2021-08-14 05:00:21	6.45	2090.85	30	2021-09-11 00:00:00	44	2.29	19	A	U00001	2021-11-09 20:06:55.067063	1024444158
61	4292090059	2021-01-10 07:10:40	2021-01-16 05:00:01	2021-01-14 05:00:01	4.45	655.93	30	2021-02-09 00:00:00	76	3.42	13	A	U00001	2021-11-09 20:06:55.067063	1024444158
25	7890942512	2021-06-15 23:12:27	2021-07-01 05:00:24	2021-06-19 05:00:24	7.60	729.60	30	2021-07-15 00:00:00	40	1.71	11	A	U00001	2021-11-09 20:06:55.067063	1024444158
21	2096652538	2021-11-04 06:08:04	2021-11-29 05:00:20	2021-11-07 05:00:20	9.10	2608.65	30	2021-12-04 00:00:00	81	4.33	17	A	U00001	2021-11-09 20:06:55.067063	1024444158
49	5618681673	2021-10-05 20:28:12	2021-10-30 05:00:48	2021-10-08 05:00:48	5.25	1920.45	30	2021-11-04 00:00:00	88	4.75	11	A	U00001	2021-11-09 20:06:55.067063	1024444158
47	7501933257	2021-09-13 05:16:18	2021-10-12 05:00:46	2021-09-14 05:00:46	7.75	2476.64	30	2021-10-13 00:00:00	53	3.87	16	A	U00001	2021-11-09 20:06:55.067063	1024444158
3	6876179555	2021-08-15 06:02:19	2021-08-30 05:00:02	2021-08-16 05:00:02	5.30	2062.40	30	2021-09-14 00:00:00	75	3.73	18	A	U00001	2021-11-09 20:06:55.067063	1024444158
17	1160131104	2021-10-30 23:01:07	2021-11-05 05:00:16	2021-11-04 05:00:16	5.80	2371.33	30	2021-11-29 00:00:00	48	4.88	20	A	U00001	2021-11-09 20:06:55.067063	1024444158
20	6876179555	2021-03-15 19:19:43	2021-03-31 05:00:19	2021-03-20 05:00:19	7.70	2060.55	30	2021-04-14 00:00:00	72	4.78	15	A	U00001	2021-11-09 20:06:55.067063	1024444158
37	2096652538	2021-07-18 20:56:00	2021-08-14 05:00:36	2021-07-22 05:00:36	8.40	2490.31	30	2021-08-17 00:00:00	34	2.16	11	A	U00001	2021-11-09 20:06:55.067063	1024444158
5	5558036807	2021-07-16 12:42:11	2021-08-10 05:00:04	2021-07-20 05:00:04	8.20	1887.61	30	2021-08-15 00:00:00	60	4.30	14	A	U00001	2021-11-09 20:06:55.067063	1024444158
18	8216993412	2021-03-01 04:46:41	2021-03-14 05:00:17	2021-03-04 05:00:17	7.45	2435.12	30	2021-03-31 00:00:00	30	3.36	13	A	U00001	2021-11-09 20:06:55.067063	1024444158
27	6447318564	2021-05-22 10:56:51	2021-06-04 05:00:26	2021-05-26 05:00:26	3.00	367.80	30	2021-06-21 00:00:00	55	2.39	14	A	U00001	2021-11-09 20:06:55.067063	1024444158
71	6953470606	2021-07-18 02:43:04	2021-08-14 05:00:11	2021-07-22 05:00:11	2.70	483.84	30	2021-08-17 00:00:00	67	3.71	20	A	U00001	2021-11-09 20:06:55.067063	1024444158
70	4889252088	2021-03-06 00:14:53	2021-03-24 05:00:10	2021-03-10 05:00:10	3.05	519.11	30	2021-04-05 00:00:00	70	4.12	13	A	U00001	2021-11-09 20:06:55.067063	1024444158
63	0797065603	2021-08-05 12:18:57	2021-08-16 05:00:03	2021-08-09 05:00:03	4.40	212.08	30	2021-09-04 00:00:00	69	4.04	19	A	U00001	2021-11-09 20:06:55.067063	1024444158
69	4444796636	2021-07-19 05:44:28	2021-07-24 05:00:09	2021-07-22 05:00:09	6.40	417.28	30	2021-08-18 00:00:00	44	3.66	15	A	U00001	2021-11-09 20:06:55.067063	1024444158
60	4640897605	2021-09-13 04:07:54	2021-10-03 05:00:59	2021-09-15 05:00:59	7.10	459.35	30	2021-10-13 00:00:00	31	1.63	13	A	U00001	2021-11-09 20:06:55.067063	1024444158
65	9628054033	2021-09-03 11:49:49	2021-09-10 05:00:05	2021-09-08 05:00:05	4.50	130.50	30	2021-10-03 00:00:00	55	3.76	12	A	U00001	2021-11-09 20:06:55.067063	1024444158
32	6953470606	2021-03-09 19:44:35	2021-03-17 05:00:31	2021-03-12 05:00:31	3.05	505.69	30	2021-04-08 00:00:00	54	2.53	14	A	U00001	2021-11-09 20:06:55.067063	1024444158
26	9628054033	2021-06-27 19:31:38	2021-07-06 05:00:25	2021-06-29 05:00:25	5.30	152.64	30	2021-07-27 00:00:00	66	2.10	10	A	U00001	2021-11-09 20:06:55.067063	1024444158
72	0840682039	2021-08-02 17:58:12	2021-08-24 05:00:12	2021-08-06 05:00:12	3.90	140.40	30	2021-09-01 00:00:00	70	4.53	15	A	U00001	2021-11-09 20:06:55.067063	1024444158
24	0797065603	2021-03-11 10:36:34	2021-04-09 05:00:23	2021-03-13 05:00:23	3.45	175.26	30	2021-04-10 00:00:00	70	1.27	12	A	U00001	2021-11-09 20:06:55.067063	1024444158
77	5011125674	2021-08-22 19:29:04	2021-09-20 05:00:17	2021-08-26 05:00:17	6.75	360.45	30	2021-09-21 00:00:00	70	3.13	13	A	U00001	2021-11-09 20:06:55.067063	1024444158
30	4444796636	2021-08-30 01:42:44	2021-09-06 05:00:29	2021-09-04 05:00:29	7.70	483.56	30	2021-09-29 00:00:00	88	1.53	11	A	U00001	2021-11-09 20:06:55.067063	1024444158
28	3459101537	2021-10-16 21:25:33	2021-10-29 05:00:27	2021-10-20 05:00:27	4.75	392.35	30	2021-11-15 00:00:00	46	1.48	14	A	U00001	2021-11-09 20:06:55.067063	1024444158
33	0840682039	2021-10-17 12:03:21	2021-11-10 05:00:32	2021-10-20 05:00:32	3.95	143.78	30	2021-11-16 00:00:00	38	3.34	13	A	U00001	2021-11-09 20:06:55.067063	1024444158
64	7890942512	2021-07-16 21:31:18	2021-07-25 05:00:04	2021-07-20 05:00:04	4.90	448.84	30	2021-08-15 00:00:00	57	3.51	20	A	U00001	2021-11-09 20:06:55.067063	1024444158
56	7501933257	2021-02-09 15:28:03	2021-03-05 05:00:55	2021-02-14 05:00:55	8.60	3180.83	30	2021-03-11 00:00:00	88	3.44	18	A	U00001	2021-11-09 20:06:55.067063	1024444158
91	4801688228	2021-01-24 09:27:20	2021-02-14 05:00:31	2021-01-27 05:00:31	8.10	4550.86	30	2021-02-23 00:00:00	77	4.31	19	A	U00001	2021-11-09 20:06:55.067063	1024444158
8	7501933257	2021-01-05 20:09:14	2021-02-01 05:00:07	2021-01-09 05:00:07	9.70	3281.60	30	2021-02-04 00:00:00	79	1.44	17	A	U00001	2021-11-09 20:06:55.067063	1024444158
87	7501933257	2021-07-17 13:59:25	2021-08-12 05:00:27	2021-07-22 05:00:27	7.80	3679.72	30	2021-08-16 00:00:00	84	4.25	20	A	U00001	2021-11-09 20:06:55.067063	1024444158
54	0597879662	2021-10-03 10:32:37	2021-10-21 05:00:53	2021-10-08 05:00:53	8.30	3007.50	30	2021-11-02 00:00:00	49	2.27	16	A	U00001	2021-11-09 20:06:55.067063	1024444158
4	0597879662	2021-01-15 09:34:26	2021-02-13 05:00:03	2021-01-20 05:00:03	8.15	3400.20	30	2021-02-14 00:00:00	68	3.95	19	A	U00001	2021-11-09 20:06:55.067063	1024444158
52	4801688228	2021-06-19 23:35:43	2021-07-02 05:00:51	2021-06-23 05:00:51	7.40	3636.70	30	2021-07-19 00:00:00	62	1.44	16	A	U00001	2021-11-09 20:06:55.067063	1024444158
83	6668466534	2021-08-24 05:41:22	2021-09-20 05:00:23	2021-08-29 05:00:23	7.30	3005.69	30	2021-09-23 00:00:00	30	2.19	10	A	U00001	2021-11-09 20:06:55.067063	1024444158
10	5618681673	2021-06-15 09:32:38	2021-07-10 05:00:09	2021-06-19 05:00:09	6.10	2868.33	30	2021-07-15 00:00:00	71	4.51	20	A	U00001	2021-11-09 20:06:55.067063	1024444158
45	0597879662	2021-04-08 16:18:03	2021-04-26 05:00:44	2021-04-11 05:00:44	8.30	3100.55	30	2021-05-08 00:00:00	71	3.17	16	A	U00001	2021-11-09 20:06:55.067063	1024444158
6	7501933257	2021-01-17 06:18:21	2021-02-02 05:00:05	2021-01-19 05:00:05	9.20	2986.91	30	2021-02-16 00:00:00	82	3.58	14	A	U00001	2021-11-09 20:06:55.067063	1024444158
84	0597879662	2021-02-26 04:12:19	2021-03-18 05:00:24	2021-02-28 05:00:24	9.25	4178.27	30	2021-03-28 00:00:00	74	4.84	18	A	U00001	2021-11-09 20:06:55.067063	1024444158
14	2803167613	2021-04-18 18:28:17	2021-05-12 05:00:13	2021-04-19 05:00:13	8.25	2757.81	30	2021-05-18 00:00:00	34	3.52	19	A	U00001	2021-11-09 20:06:55.067063	1024444158
13	4801688228	2021-02-18 21:39:29	2021-03-03 05:00:12	2021-02-19 05:00:12	4.70	2827.82	30	2021-03-20 00:00:00	36	1.97	13	A	U00001	2021-11-09 20:06:55.067063	1024444158
16	5137904499	2021-04-29 22:39:22	2021-05-16 05:00:15	2021-04-30 05:00:15	7.45	3802.21	30	2021-05-29 00:00:00	52	2.26	10	A	U00001	2021-11-09 20:06:55.067063	1024444158
11	2711492855	2021-09-17 05:01:37	2021-10-06 05:00:10	2021-09-18 05:00:10	8.90	2710.88	30	2021-10-17 00:00:00	89	3.46	20	A	U00001	2021-11-09 20:06:55.067063	1024444158
40	7501933257	2021-11-06 00:07:02	2021-11-20 05:00:39	2021-11-10 05:00:39	9.35	3485.56	30	2021-12-06 00:00:00	37	1.94	19	A	U00001	2021-11-09 20:06:55.067063	1024444158
38	0597879662	2021-04-21 18:42:19	2021-04-28 05:00:37	2021-04-26 05:00:37	9.45	3688.37	30	2021-05-21 00:00:00	53	4.39	10	A	U00001	2021-11-09 20:06:55.067063	1024444158
15	5036986834	2021-07-19 01:12:57	2021-08-06 05:00:14	2021-07-24 05:00:14	7.20	2751.90	30	2021-08-18 00:00:00	80	1.08	20	A	U00001	2021-11-09 20:06:55.067063	1024444158
79	4946126393	2021-09-05 03:08:34	2021-09-20 05:00:19	2021-09-08 05:00:19	7.90	2784.17	30	2021-10-05 00:00:00	46	2.04	18	A	U00001	2021-11-09 20:06:55.067063	1024444158
48	3472355586	2021-09-22 17:52:15	2021-10-05 05:00:47	2021-09-23 05:00:47	6.00	2837.63	30	2021-10-22 00:00:00	46	2.65	17	A	U00001	2021-11-09 20:06:55.067063	1024444158
85	0597879662	2021-08-21 22:56:28	2021-09-16 05:00:25	2021-08-25 05:00:25	9.85	3275.53	30	2021-09-20 00:00:00	53	4.04	12	A	U00001	2021-11-09 20:06:55.067063	1024444158
95	1160131104	2021-10-04 18:48:06	2021-10-22 05:00:35	2021-10-07 05:00:35	6.80	2679.12	30	2021-11-03 00:00:00	39	3.47	15	A	U00001	2021-11-09 20:06:55.067063	1024444158
94	5137904499	2021-03-12 07:38:12	2021-04-09 05:00:34	2021-03-17 05:00:34	7.15	3798.89	30	2021-04-11 00:00:00	73	1.01	10	A	U00001	2021-11-09 20:06:55.067063	1024444158
1	4946126393	2021-09-08 03:25:08	2021-09-17 05:00:00	2021-09-13 05:00:00	7.20	3574.43	30	2021-10-08 00:00:00	77	3.38	15	A	U00001	2021-11-09 20:06:55.067063	1024444158
76	6668466534	2021-03-22 23:45:22	2021-04-02 05:00:16	2021-03-24 05:00:16	8.05	2926.65	30	2021-04-21 00:00:00	52	3.96	18	A	U00001	2021-11-09 20:06:55.067063	1024444158
\.


--
-- Data for Name: purchase_order_detail; Type: TABLE DATA; Schema: public; Owner: postgres
--

COPY public.purchase_order_detail (norderdetailuuid, norderuuid, ccategory, cproductname, nprice, nquantity) FROM stdin;
1	4	GRO	Bar Nature Valley	6.97	163
2	4	GRO	Cape Capensis - Fillet	6.05	92
3	4	GRO	Pears - Bosc	7.65	151
4	4	GRO	Broccoli - Fresh	6.42	52
5	4	GRO	Coffee Sugar Biscotti	4.75	46
6	38	GRO	Bar Nature Valley	6.46	105
7	38	GRO	Pears - Bosc	7.89	189
8	38	GRO	Coffee Sugar Biscotti	4.82	67
9	38	GRO	Broccoli - Fresh	7.22	72
10	38	GRO	Cape Capensis - Fillet	6.26	108
11	45	GRO	Pears - Bosc	8.19	166
12	45	GRO	Broccoli - Fresh	7.24	50
13	45	GRO	Cape Capensis - Fillet	5.73	55
14	45	GRO	Coffee Sugar Biscotti	4.74	71
15	45	GRO	Bar Nature Valley	6.38	114
16	54	GRO	Pears - Bosc	7.43	166
17	54	GRO	Broccoli - Fresh	7.34	60
18	54	GRO	Cape Capensis - Fillet	5.52	79
19	54	GRO	Bar Nature Valley	6.41	104
20	54	GRO	Coffee Sugar Biscotti	4.62	50
21	84	GRO	Cape Capensis - Fillet	6.01	135
22	84	GRO	Pears - Bosc	7.90	185
23	84	GRO	Bar Nature Valley	6.16	89
24	84	GRO	Broccoli - Fresh	6.70	125
25	84	GRO	Coffee Sugar Biscotti	4.48	116
26	85	GRO	Broccoli - Fresh	7.31	63
27	85	GRO	Bar Nature Valley	6.62	120
28	85	GRO	Coffee Sugar Biscotti	4.70	31
29	85	GRO	Cape Capensis - Fillet	5.96	68
30	85	GRO	Pears - Bosc	7.46	197
31	24	HOM	Rubber	2.54	69
32	63	HOM	Rubber	2.41	88
33	33	HOM	Glass v2	1.82	79
34	72	HOM	Glass v2	1.80	78
35	17	GRO	Ice Cream - Strawberry	7.67	80
36	17	GRO	Wine - Magnotta - Belpaese	7.91	116
37	17	GRO	Sauce - Apple, Unsweetened	1.16	77
38	17	GRO	Butter Sweet	5.15	99
39	17	GRO	Chicken - Leg, Fresh	4.82	50
40	95	GRO	Wine - Magnotta - Belpaese	8.32	136
41	95	GRO	Butter Sweet	5.89	115
42	95	GRO	Sauce - Apple, Unsweetened	1.51	74
43	95	GRO	Chicken - Leg, Fresh	4.85	73
44	95	GRO	Ice Cream - Strawberry	7.49	54
45	23	HOM	Granite	9.40	91
46	62	HOM	Granite	9.04	132
47	21	GRO	Beef - Tongue, Fresh	3.01	182
48	21	GRO	Cleaner - Comet	5.08	52
49	21	GRO	Bar - Sweet And Salty Chocolate	8.66	87
50	21	GRO	Vermouth - White, Cinzano	0.89	116
51	21	GRO	Soup - Campbells Beef Noodle	8.68	104
52	21	GRO	Juice - V8, Tomato	0.33	113
53	37	GRO	Beef - Tongue, Fresh	3.12	168
54	37	GRO	Soup - Campbells Beef Noodle	8.86	119
55	37	GRO	Vermouth - White, Cinzano	1.09	143
56	37	GRO	Cleaner - Comet	5.63	82
57	37	GRO	Bar - Sweet And Salty Chocolate	8.95	29
58	37	GRO	Juice - V8, Tomato	0.23	151
59	43	GRO	Soup - Campbells Beef Noodle	8.69	88
60	43	GRO	Vermouth - White, Cinzano	1.25	133
61	43	GRO	Bar - Sweet And Salty Chocolate	8.78	20
62	43	GRO	Juice - V8, Tomato	0.33	158
63	43	GRO	Beef - Tongue, Fresh	3.24	197
64	43	GRO	Cleaner - Comet	5.25	35
65	75	GRO	Cleaner - Comet	5.25	27
66	75	GRO	Beef - Tongue, Fresh	3.00	151
67	75	GRO	Soup - Campbells Beef Noodle	8.31	57
68	75	GRO	Vermouth - White, Cinzano	0.55	106
70	75	GRO	Bar - Sweet And Salty Chocolate	9.28	86
71	82	GRO	Beef - Tongue, Fresh	2.57	167
72	82	GRO	Bar - Sweet And Salty Chocolate	8.56	48
73	82	GRO	Vermouth - White, Cinzano	1.29	96
74	82	GRO	Cleaner - Comet	5.21	49
75	82	GRO	Soup - Campbells Beef Noodle	8.53	87
77	98	GRO	Vermouth - White, Cinzano	1.20	95
78	98	GRO	Soup - Campbells Beef Noodle	8.70	39
79	98	GRO	Juice - V8, Tomato	0.27	114
80	98	GRO	Bar - Sweet And Salty Chocolate	8.97	98
81	98	GRO	Beef - Tongue, Fresh	3.21	164
82	98	GRO	Cleaner - Comet	5.41	109
83	11	GRO	Lamb - Rack	3.42	117
84	11	GRO	Salmon Steak - Cohoe 6 Oz	3.55	28
85	11	GRO	Ranchero - Primerba, Paste	2.77	84
86	11	GRO	Beer - Camerons Auburn	8.27	100
87	11	GRO	Sausage - Liver	6.47	178
88	50	GRO	Lamb - Rack	3.36	90
89	50	GRO	Beer - Camerons Auburn	7.86	103
90	50	GRO	Sausage - Liver	6.14	152
91	50	GRO	Ranchero - Primerba, Paste	3.06	54
92	50	GRO	Salmon Steak - Cohoe 6 Oz	4.08	64
93	89	GRO	Ranchero - Primerba, Paste	2.88	131
94	89	GRO	Salmon Steak - Cohoe 6 Oz	3.13	88
95	89	GRO	Lamb - Rack	3.98	130
96	89	GRO	Sausage - Liver	6.22	125
97	89	GRO	Beer - Camerons Auburn	8.63	35
98	14	GRO	Piping - Bags Quizna	1.80	145
99	14	GRO	Buffalo - Tenderloin	7.80	111
100	14	GRO	Greens Mustard	1.53	162
101	14	GRO	Chocolate - Chips Compound	1.42	120
102	14	GRO	Cardamon Ground	7.35	165
103	92	GRO	Cardamon Ground	6.70	135
104	92	GRO	Piping - Bags Quizna	2.61	98
105	92	GRO	Chocolate - Chips Compound	1.91	105
106	92	GRO	Buffalo - Tenderloin	7.44	62
107	92	GRO	Greens Mustard	0.65	138
108	28	HOM	Stone	4.13	95
109	67	HOM	Stone	4.99	119
110	9	GRO	Vinegar - Champagne	7.90	104
111	9	GRO	Cup Translucent 9 Oz	0.67	69
112	9	GRO	Lamb - Sausage Casings	6.38	93
113	9	GRO	Wine - Zonnebloem Pinotage	4.28	126
114	9	GRO	Swiss Chard - Red	5.99	104
115	48	GRO	Wine - Zonnebloem Pinotage	4.22	119
116	48	GRO	Vinegar - Champagne	7.37	113
117	48	GRO	Swiss Chard - Red	6.12	118
118	48	GRO	Lamb - Sausage Casings	6.35	120
119	48	GRO	Cup Translucent 9 Oz	0.88	21
120	12	GRO	Star Fruit	2.23	142
121	12	GRO	Pie Filling - Cherry	3.26	69
122	12	GRO	Pasta - Lasagna, Dry	4.74	151
123	12	GRO	Monkfish - Fresh	8.41	39
124	12	GRO	Oil - Coconut	1.13	93
125	51	GRO	Pasta - Lasagna, Dry	4.42	111
126	51	GRO	Star Fruit	2.06	93
127	51	GRO	Pie Filling - Cherry	3.37	96
128	51	GRO	Monkfish - Fresh	8.43	33
129	51	GRO	Oil - Coconut	1.61	129
130	90	GRO	Pasta - Lasagna, Dry	3.98	164
131	90	GRO	Pie Filling - Cherry	3.54	87
132	90	GRO	Star Fruit	2.05	110
133	90	GRO	Monkfish - Fresh	7.91	47
134	90	GRO	Oil - Coconut	1.20	143
135	61	HOM	Glass	7.37	89
136	100	HOM	Glass	7.71	102
137	30	HOM	Wood	3.14	154
138	69	HOM	Wood	3.26	128
139	29	HOM	Aluminum	8.47	133
140	68	HOM	Aluminum	7.91	114
141	60	HOM	Wood v2	2.75	142
142	60	HOM	Steel	0.81	85
143	78	HOM	Stone v2	5.39	119
144	13	GRO	Soup - Campbells - Chicken Noodle	8.62	94
145	13	GRO	Crackers - Graham	8.60	63
146	13	GRO	Bread - Roll, Italian	8.72	80
147	13	GRO	Chef Hat 25cm	8.20	66
148	13	GRO	Vermouth - Sweet, Cinzano	3.59	66
149	52	GRO	Crackers - Graham	8.12	62
150	52	GRO	Chef Hat 25cm	7.75	110
151	52	GRO	Soup - Campbells - Chicken Noodle	8.24	148
152	52	GRO	Bread - Roll, Italian	8.88	81
153	52	GRO	Vermouth - Sweet, Cinzano	4.12	83
154	91	GRO	Vermouth - Sweet, Cinzano	3.67	52
155	91	GRO	Chef Hat 25cm	7.91	147
156	91	GRO	Crackers - Graham	8.46	107
157	91	GRO	Soup - Campbells - Chicken Noodle	8.13	99
158	91	GRO	Bread - Roll, Italian	9.18	162
159	31	HOM	Plexiglass v2	8.24	97
160	70	HOM	Plexiglass v2	8.51	61
161	1	GRO	Capon - Breast, Double, Wing On	5.68	97
162	1	GRO	Muffin Mix - Blueberry	4.78	78
163	1	GRO	Bread - Rye	8.47	144
164	1	GRO	Coffee Cup 12oz 5342cd	1.71	129
165	1	GRO	Quail - Eggs, Fresh	3.98	31
166	1	GRO	Salmon - Sockeye Raw	7.82	139
167	79	GRO	Quail - Eggs, Fresh	4.75	30
168	79	GRO	Capon - Breast, Double, Wing On	4.79	135
169	79	GRO	Salmon - Sockeye Raw	7.53	79
170	79	GRO	Coffee Cup 12oz 5342cd	1.26	158
171	79	GRO	Muffin Mix - Blueberry	4.81	131
172	79	GRO	Bread - Rye	9.36	61
173	77	HOM	Brass v2	2.67	135
174	15	GRO	Garbage Bags - Clear	4.91	47
175	15	GRO	Mustard - Individual Pkg	7.44	112
176	15	GRO	Shrimp - Black Tiger 16/20	3.22	144
177	15	GRO	Wasabi Powder	7.75	143
178	15	GRO	Ice Cream Bar - Hagen Daz	1.84	63
179	93	GRO	Mustard - Individual Pkg	7.56	105
180	93	GRO	Ice Cream Bar - Hagen Daz	1.34	90
181	93	GRO	Shrimp - Black Tiger 16/20	3.04	100
182	93	GRO	Wasabi Powder	8.05	100
183	93	GRO	Garbage Bags - Clear	5.12	25
185	58	GRO	Pork - Tenderloin, Frozen	2.91	104
186	58	GRO	Rum - Dark, Bacardi, Black	4.79	69
188	58	GRO	Gatorade - Fruit Punch	3.36	187
189	16	GRO	Bacardi Breezer - Tropical	4.53	71
190	16	GRO	Wine - Ej Gallo Sonoma	3.01	54
191	16	GRO	Sauce - Rosee	7.90	120
192	16	GRO	Guinea Fowl	7.58	149
193	16	GRO	Cookie Double Choco	8.99	138
194	94	GRO	Bacardi Breezer - Tropical	5.03	87
195	94	GRO	Wine - Ej Gallo Sonoma	2.38	122
196	94	GRO	Guinea Fowl	8.08	120
197	94	GRO	Cookie Double Choco	8.84	118
198	94	GRO	Sauce - Rosee	7.40	143
199	5	GRO	Stock - Fish	0.56	164
200	5	GRO	Duck - Whole	3.32	101
201	5	GRO	Flour - So Mix Cake White	6.17	157
202	5	GRO	Mushroom - Portebello	6.26	36
203	5	GRO	Toothpick Frilled	3.70	72
204	7	GRO	Toothpick Frilled	4.22	69
205	7	GRO	Stock - Fish	0.43	127
206	7	GRO	Mushroom - Portebello	6.23	77
207	7	GRO	Flour - So Mix Cake White	6.14	103
208	7	GRO	Duck - Whole	3.67	68
209	39	GRO	Toothpick Frilled	3.80	106
210	39	GRO	Stock - Fish	0.55	89
211	39	GRO	Flour - So Mix Cake White	6.30	129
212	39	GRO	Duck - Whole	4.15	22
213	39	GRO	Mushroom - Portebello	6.22	55
214	46	GRO	Mushroom - Portebello	6.23	50
215	46	GRO	Flour - So Mix Cake White	6.36	115
216	46	GRO	Toothpick Frilled	3.75	51
217	46	GRO	Stock - Fish	0.49	158
218	46	GRO	Duck - Whole	3.74	96
219	55	GRO	Flour - So Mix Cake White	5.65	110
220	55	GRO	Mushroom - Portebello	6.08	99
221	55	GRO	Duck - Whole	3.62	101
222	55	GRO	Toothpick Frilled	4.61	75
223	55	GRO	Stock - Fish	1.03	152
224	86	GRO	Mushroom - Portebello	6.94	79
225	86	GRO	Duck - Whole	3.69	98
226	86	GRO	Stock - Fish	0.61	173
227	86	GRO	Toothpick Frilled	3.97	62
228	86	GRO	Flour - So Mix Cake White	6.26	148
229	10	GRO	Veal - Ground	5.04	81
230	10	GRO	Clams - Canned	4.12	117
231	10	GRO	Coffee Caramel Biscotti	2.59	50
232	10	GRO	Soup - Campbells, Spinach Crm	7.97	113
233	10	GRO	Capers - Pickled	7.77	122
234	49	GRO	Veal - Ground	5.11	54
235	49	GRO	Coffee Caramel Biscotti	3.06	105
236	49	GRO	Clams - Canned	3.67	55
237	49	GRO	Capers - Pickled	7.99	80
238	49	GRO	Soup - Campbells, Spinach Crm	8.61	56
239	88	GRO	Capers - Pickled	7.90	72
240	88	GRO	Coffee Caramel Biscotti	3.14	89
241	88	GRO	Soup - Campbells, Spinach Crm	8.26	92
242	88	GRO	Clams - Canned	4.13	111
243	88	GRO	Veal - Ground	5.01	69
244	27	HOM	Brass	6.13	60
245	66	HOM	Brass	6.29	97
246	22	GRO	Chinese Foods - Plain Fried Rice	5.78	108
247	22	GRO	Vinegar - Red Wine	5.90	182
248	22	GRO	Flour - Bran, Red	6.50	76
249	22	GRO	Island Oasis - Magarita Mix	2.72	77
250	22	GRO	Paper - Brown Paper Mini Cups	2.55	103
251	44	GRO	Chinese Foods - Plain Fried Rice	5.52	127
252	44	GRO	Flour - Bran, Red	7.12	73
253	44	GRO	Vinegar - Red Wine	5.66	136
254	44	GRO	Island Oasis - Magarita Mix	2.19	73
255	44	GRO	Paper - Brown Paper Mini Cups	2.07	162
256	76	GRO	Paper - Brown Paper Mini Cups	2.69	161
257	76	GRO	Chinese Foods - Plain Fried Rice	5.14	98
258	76	GRO	Flour - Bran, Red	7.27	132
259	76	GRO	Island Oasis - Magarita Mix	1.98	147
260	76	GRO	Vinegar - Red Wine	5.82	127
261	83	GRO	Chinese Foods - Plain Fried Rice	5.82	127
262	83	GRO	Flour - Bran, Red	7.09	146
263	83	GRO	Vinegar - Red Wine	5.97	115
264	83	GRO	Island Oasis - Magarita Mix	2.46	102
265	83	GRO	Paper - Brown Paper Mini Cups	2.13	138
266	99	GRO	Island Oasis - Magarita Mix	2.17	151
267	99	GRO	Flour - Bran, Red	7.19	89
268	99	GRO	Chinese Foods - Plain Fried Rice	5.61	111
269	99	GRO	Paper - Brown Paper Mini Cups	2.31	163
270	99	GRO	Vinegar - Red Wine	6.30	110
271	59	HOM	Plexiglass	5.28	127
272	59	HOM	Aluminum v2	8.58	119
273	3	GRO	Ecolab Crystal Fusion	6.25	27
274	3	GRO	Remy Red	7.33	82
275	3	GRO	Cheese Cloth	7.36	106
276	3	GRO	Beef Dry Aged Tenderloin Aaa	0.92	99
277	3	GRO	Halibut - Steaks	3.01	92
278	3	GRO	Bar - Granola Trail Mix Fruit Nut	1.43	101
279	20	GRO	Cheese Cloth	7.13	154
280	20	GRO	Beef Dry Aged Tenderloin Aaa	0.49	60
281	20	GRO	Remy Red	6.71	36
282	20	GRO	Halibut - Steaks	2.86	112
283	20	GRO	Ecolab Crystal Fusion	6.09	35
284	20	GRO	Bar - Granola Trail Mix Fruit Nut	1.55	102
285	36	GRO	Halibut - Steaks	2.90	51
286	36	GRO	Beef Dry Aged Tenderloin Aaa	1.40	117
287	36	GRO	Ecolab Crystal Fusion	5.60	66
288	36	GRO	Cheese Cloth	6.80	108
289	36	GRO	Bar - Granola Trail Mix Fruit Nut	1.72	59
290	36	GRO	Remy Red	7.30	108
291	42	GRO	Beef Dry Aged Tenderloin Aaa	0.44	69
292	42	GRO	Halibut - Steaks	2.86	72
293	42	GRO	Remy Red	7.31	62
294	42	GRO	Ecolab Crystal Fusion	5.85	23
295	42	GRO	Cheese Cloth	7.52	68
296	42	GRO	Bar - Granola Trail Mix Fruit Nut	1.66	89
297	74	GRO	Remy Red	6.70	26
298	74	GRO	Halibut - Steaks	2.33	39
299	74	GRO	Bar - Granola Trail Mix Fruit Nut	1.35	30
300	74	GRO	Cheese Cloth	6.66	128
301	74	GRO	Beef Dry Aged Tenderloin Aaa	0.48	60
302	74	GRO	Ecolab Crystal Fusion	5.80	46
303	81	GRO	Bar - Granola Trail Mix Fruit Nut	1.80	79
304	81	GRO	Cheese Cloth	7.42	129
305	81	GRO	Beef Dry Aged Tenderloin Aaa	0.76	98
306	81	GRO	Halibut - Steaks	3.11	45
307	81	GRO	Remy Red	7.21	88
308	81	GRO	Ecolab Crystal Fusion	5.94	24
309	97	GRO	Beef Dry Aged Tenderloin Aaa	0.70	60
310	97	GRO	Halibut - Steaks	2.30	27
311	97	GRO	Remy Red	6.90	25
312	97	GRO	Ecolab Crystal Fusion	6.09	99
313	97	GRO	Bar - Granola Trail Mix Fruit Nut	1.32	75
314	97	GRO	Cheese Cloth	7.36	80
315	32	HOM	Steel v2	8.29	61
316	71	HOM	Steel v2	8.96	54
317	6	GRO	Table Cloth 62x114 White	1.22	184
318	6	GRO	Beef - Kindney, Whole	4.78	53
319	6	GRO	Mushroom - Morel Frozen	5.09	143
320	6	GRO	Tuna - Fresh	8.96	130
321	6	GRO	Cheese - Valancey	6.29	98
322	8	GRO	Table Cloth 62x114 White	1.13	139
323	8	GRO	Tuna - Fresh	8.18	160
324	8	GRO	Beef - Kindney, Whole	4.27	76
325	8	GRO	Mushroom - Morel Frozen	4.83	194
326	8	GRO	Cheese - Valancey	6.09	91
327	40	GRO	Table Cloth 62x114 White	1.82	133
328	40	GRO	Mushroom - Morel Frozen	5.58	187
329	40	GRO	Cheese - Valancey	5.94	136
330	40	GRO	Tuna - Fresh	8.32	133
331	40	GRO	Beef - Kindney, Whole	3.86	74
332	47	GRO	Table Cloth 62x114 White	1.67	155
333	47	GRO	Tuna - Fresh	8.37	83
334	47	GRO	Mushroom - Morel Frozen	5.42	130
335	47	GRO	Cheese - Valancey	5.87	88
336	47	GRO	Beef - Kindney, Whole	4.08	74
337	56	GRO	Cheese - Valancey	5.93	139
338	56	GRO	Beef - Kindney, Whole	4.25	88
339	56	GRO	Table Cloth 62x114 White	1.32	144
340	56	GRO	Mushroom - Morel Frozen	5.47	172
341	56	GRO	Tuna - Fresh	9.06	94
342	87	GRO	Mushroom - Morel Frozen	5.11	156
343	87	GRO	Beef - Kindney, Whole	4.83	92
344	87	GRO	Cheese - Valancey	5.94	156
345	87	GRO	Tuna - Fresh	8.51	156
346	87	GRO	Table Cloth 62x114 White	1.84	100
347	25	HOM	Plastic	4.80	152
348	64	HOM	Plastic	4.58	98
349	2	GRO	Vinegar - Sherry	0.47	153
350	2	GRO	Potatoes - Idaho 80 Count	1.58	103
351	2	GRO	Wine - Cave Springs Dry Riesling	3.51	98
352	2	GRO	Bread - Sour Sticks With Onion	8.81	88
353	2	GRO	Onions Granulated	0.83	41
355	19	GRO	Onions Granulated	0.39	32
356	19	GRO	Puree - Raspberry	0.07	97
357	19	GRO	Potatoes - Idaho 80 Count	1.59	157
358	19	GRO	Vinegar - Sherry	0.88	175
359	19	GRO	Wine - Cave Springs Dry Riesling	3.29	97
360	19	GRO	Bread - Sour Sticks With Onion	8.52	82
362	35	GRO	Onions Granulated	0.36	35
363	35	GRO	Bread - Sour Sticks With Onion	8.68	135
364	35	GRO	Vinegar - Sherry	0.06	146
365	35	GRO	Wine - Cave Springs Dry Riesling	3.52	35
366	35	GRO	Potatoes - Idaho 80 Count	1.49	95
367	41	GRO	Vinegar - Sherry	0.87	158
368	41	GRO	Bread - Sour Sticks With Onion	9.03	82
369	41	GRO	Puree - Raspberry	0.33	119
370	41	GRO	Potatoes - Idaho 80 Count	2.04	140
371	41	GRO	Wine - Cave Springs Dry Riesling	3.53	95
372	41	GRO	Onions Granulated	0.91	30
373	53	GRO	Vinegar - Sherry	0.62	180
374	53	GRO	Potatoes - Idaho 80 Count	1.57	114
375	53	GRO	Onions Granulated	0.62	46
376	53	GRO	Bread - Sour Sticks With Onion	8.24	84
377	53	GRO	Wine - Cave Springs Dry Riesling	2.97	33
378	53	GRO	Puree - Raspberry	0.44	123
380	73	GRO	Bread - Sour Sticks With Onion	8.28	83
381	73	GRO	Wine - Cave Springs Dry Riesling	3.70	90
382	73	GRO	Onions Granulated	0.32	84
383	73	GRO	Potatoes - Idaho 80 Count	2.07	68
384	73	GRO	Vinegar - Sherry	0.91	97
385	80	GRO	Bread - Sour Sticks With Onion	8.34	106
386	80	GRO	Wine - Cave Springs Dry Riesling	3.47	63
387	80	GRO	Vinegar - Sherry	0.06	158
388	80	GRO	Potatoes - Idaho 80 Count	1.35	102
389	80	GRO	Puree - Raspberry	0.56	115
390	80	GRO	Onions Granulated	0.55	79
391	96	GRO	Bread - Sour Sticks With Onion	9.03	108
392	96	GRO	Onions Granulated	0.12	60
393	96	GRO	Potatoes - Idaho 80 Count	1.29	113
394	96	GRO	Vinegar - Sherry	0.85	179
395	96	GRO	Puree - Raspberry	0.03	163
396	96	GRO	Wine - Cave Springs Dry Riesling	2.80	89
397	18	GRO	General Purpose Trigger	3.07	149
398	18	GRO	Pork - Sausage Casing	8.43	134
399	18	GRO	Onions - Cippolini	6.51	107
400	18	GRO	Veal - Leg	1.24	55
401	18	GRO	Cheese - Mix	0.85	98
402	57	GRO	Onions - Cippolini	5.98	62
403	57	GRO	Cheese - Mix	0.70	32
404	57	GRO	General Purpose Trigger	3.34	111
405	57	GRO	Pork - Sausage Casing	9.33	156
406	57	GRO	Veal - Leg	0.90	47
407	34	HOM	Granite v2	7.70	109
408	26	HOM	Vinyl	1.44	106
409	65	HOM	Vinyl	1.45	90
69	75	GRO	Juice - V8, Tomato	0.52	96
76	82	GRO	Juice - V8, Tomato	0.52	85
184	58	GRO	Pork - Chop, Frenched	0.42	164
187	58	GRO	Tea - Lemon Green Tea	0.09	125
354	2	GRO	Puree - Raspberry	0.58	136
361	35	GRO	Puree - Raspberry	0.58	157
379	73	GRO	Puree - Raspberry	0.58	129
\.


--
-- Data for Name: supplier; Type: TABLE DATA; Schema: public; Owner: postgres
--

COPY public.supplier (csupplierbce, csuppliername, ccountry, cpostalcode, caddress, cphone, cstate, cuser, tmodifi) FROM stdin;
4946126393	Schulist, Ortiz and Gulgowski	BEL	1000	6 Arrowood Parkway	+380 895 407 9641	A	U00001	2021-11-09 15:56:42.95076
7976228315	Dach-Connelly	BEL	1020	5 Glendale Terrace	+1 770 779 9960	A	U00001	2021-11-09 15:56:42.95076
6876179555	Bashirian-Stoltenberg	BEL	1020	90 Pennsylvania Crossing	+86 971 408 7554	A	U00001	2021-11-09 15:56:42.95076
2096652538	Hamill-Trantow	BEL	1030	1731 Continental Lane	+358 828 517 2992	A	U00001	2021-11-09 15:56:42.95076
6668466534	Mayer, Ryan and Purdy	BEL	2000	732 Waubesa Circle	+48 107 826 4627	A	U00001	2021-11-09 15:56:42.95076
0597879662	Marquardt, Luettgen and Gaylord	BEL	1130	817 Claremont Junction	+55 426 648 7447	A	U00001	2021-11-09 15:56:42.95076
5558036807	Borer Group	BEL	1050	49348 Elmside Lane	+86 685 461 9582	A	U00001	2021-11-09 15:56:42.95076
7501933257	O Kon, Hermiston and Jenkins	USA	90001	5674 Mallory Junction	+48 717 313 4805	A	U00001	2021-11-09 15:56:42.95076
3472355586	Franecki-Durgan	BEL	1000	109 Green Junction	+54 668 751 3216	A	U00001	2021-11-09 15:56:42.95076
5618681673	Hyatt, Tromp and Anderson	BEL	1020	17 Eagan Junction	+57 364 939 9695	A	U00001	2021-11-09 15:56:42.95076
2711492855	Gerhold, Rolfson and Schmidt	BEL	1020	55662 Heffernan Park	+94 760 905 9515	A	U00001	2021-11-09 15:56:42.95076
4266613467	Baumbach, Bernier and Jones	BEL	1030	6511 Corscot Court	+963 384 165 4935	A	U00001	2021-11-09 15:56:42.95076
4801688228	Trantow-Legros	BEL	2000	32999 Butternut Crossing	+46 720 452 8143	A	U00001	2021-11-09 15:56:42.95076
2803167613	Haley-Casper	BEL	1130	7826 Bartillon Point	+46 940 742 2738	A	U00001	2021-11-09 15:56:42.95076
5036986834	Frami, Thompson and Wiegand	BEL	1050	017 Delladonna Place	+53 435 442 6440	A	U00001	2021-11-09 15:56:42.95076
5137904499	Gleason Group	BEL	1000	905 Farwell Circle	+374 411 373 0672	A	U00001	2021-11-09 15:56:42.95076
1160131104	Kuhn-Hills	BEL	1020	697 Manitowish Way	+86 208 222 5827	A	U00001	2021-11-09 15:56:42.95076
8216993412	Rippin-Smitham	BEL	1020	75586 Sullivan Pass	+234 325 860 1943	A	U00001	2021-11-09 15:56:42.95076
5079289663	Brown-Medhurst	BEL	1030	766 Center Trail	+355 415 265 9272	A	U00001	2021-11-09 15:56:42.95076
6696255009	Rolfson-Gutmann	BEL	2000	52 Coolidge Road	+55 759 194 5595	A	U00001	2021-11-09 15:56:42.95076
4640897605	Pagac LLC	BEL	1130	9038 Aberg Alley	+62 877 611 8603	A	U00001	2021-11-09 15:56:42.95076
4292090059	Spencer-Pollich	BEL	1050	8772 Nancy Avenue	+251 849 803 4380	A	U00001	2021-11-09 15:56:42.95076
1570632968	Bradtke-Murray	BEL	1020	5400 Longview Parkway	+212 705 446 9929	A	U00001	2021-11-09 15:56:42.95076
0797065603	Ortiz-Murphy	USA	90001	22 Hallows Street	+351 689 140 3560	A	U00001	2021-11-09 15:56:42.95076
7890942512	Schuppe Group	USA	90001	3891 Di Loreto Place	+86 872 737 2778	A	U00001	2021-11-09 15:56:42.95076
9628054033	Johns, Osinski and Purdy	USA	90001	233 New Castle Terrace	+63 637 210 2076	A	U00001	2021-11-09 15:56:42.95076
6447318564	Hamill-Langworth	USA	80201	7487 Colorado Park	+30 997 997 9795	A	U00001	2021-11-09 15:56:42.95076
3459101537	Wintheiser LLC	USA	80201	39450 Old Gate Street	+7 701 897 5973	A	U00001	2021-11-09 15:56:42.95076
4454865592	O Connell Inc	USA	90001	10428 Jenifer Trail	+86 612 301 7197	A	U00001	2021-11-09 15:56:42.95076
4444796636	Trantow, Labadie and Ward	USA	80201	88793 Forest Dale Avenue	+385 810 289 7409	A	U00001	2021-11-09 15:56:42.95076
4889252088	Maggio and Sons	USA	80201	41314 Glacier Hill Street	+63 775 913 3357	A	U00001	2021-11-09 15:56:42.95076
6953470606	Lind Inc	USA	90001	06 Trailsway Street	+86 597 983 3451	A	U00001	2021-11-09 15:56:42.95076
0840682039	Wiegand-Rogahn	USA	90001	1 Mayfield Drive	+62 817 667 9203	A	U00001	2021-11-09 15:56:42.95076
8444388162	Brown, Monahan and Walker	USA	90001	5656 Granby Plaza	+385 392 976 2564	A	U00001	2021-11-09 15:56:42.95076
9897698242	Bashirian-Leannon	BEL	1000	13698 Arrowood Street	+27 815 485 1087	A	U00001	2021-11-09 15:56:42.95076
6650993564	Adams LLC	BEL	1020	926 Carioca Pass	+504 795 686 5232	A	U00001	2021-11-09 15:56:42.95076
0042058140	Waters Inc	BEL	1020	0473 Holy Cross Terrace	+242 942 130 4968	A	U00001	2021-11-09 15:56:42.95076
5011125674	Hessel LLC	BEL	1030	367 1st Crossing	+1 558 669 2168	A	U00001	2021-11-09 15:56:42.95076
4753757651	Wolff, Harris and Watsica	BEL	2000	003 Norway Maple Crossing	+351 321 650 8345	A	U00001	2021-11-09 15:56:42.95076
0211183491	Jakubowski Inc	BEL	1130	0680 Pennsylvania Circle	+62 624 806 0971	A	U00001	2021-11-09 15:56:42.95076
5962608847	Howell-Wuckert	BEL	1050	62087 Park Meadow Trail	+63 601 225 6377	A	U00001	2021-11-09 15:56:42.95076
9707975590	Stokes-Wisoky	BEL	1000	398 Northview Pass	+7 923 464 1216	A	U00001	2021-11-09 15:56:42.95076
0721180764	Langworth Inc	BEL	1020	9 Oriole Park	+380 103 569 6429	A	U00001	2021-11-09 15:56:42.95076
9603290986	Goodwin LLC	BEL	1020	0 Luster Way	+55 634 868 3168	A	U00001	2021-11-09 15:56:42.95076
3797044483	Satterfield, Larson and Friesen	BEL	1030	73744 Laurel Drive	+226 459 956 7390	A	U00001	2021-11-09 15:56:42.95076
7431052343	Nitzsche, Bradtke and Sanford	BEL	2000	9 Pepper Wood Junction	+351 810 484 1219	A	U00001	2021-11-09 15:56:42.95076
0137428705	Johns Group	BEL	1130	9192 Dwight Hill	+504 657 664 2697	A	U00001	2021-11-09 15:56:42.95076
5772281905	Swaniawski Group	BEL	1050	56 Springs Park	+420 297 297 1310	A	U00001	2021-11-09 15:56:42.95076
3374067679	Wolff LLC	BEL	1020	2584 Dakota Center	+1 256 233 2815	A	U00001	2021-11-09 15:56:42.95076
3524558314	Johnston-Bosco	BEL	1020	1854 Golf Course Way	+57 526 377 7533	A	U00001	2021-11-09 15:56:42.95076
\.


--
-- Data for Name: supplier_contact; Type: TABLE DATA; Schema: public; Owner: postgres
--

COPY public.supplier_contact (ccontactidentity, ccontactname, cemail, cphone1, cphone2, csupplierbce, cstate, cuser, tmodifi) FROM stdin;
63649062501	Nadiya Hamberstone	dibel0@businessweek.com	+81 637 190 5108	+63 979 961 6965	4946126393	A	U00001	2021-11-09 16:06:18.389844
37157162745	Dona Ibel	lmc1@techcrunch.com	+62 111 121 6063		7976228315	A	U00001	2021-11-09 16:06:18.389844
32642680703	Leodora Mc Cahey	scassius2@squidoo.com	+62 386 775 5451	+55 297 952 5475	6876179555	A	U00001	2021-11-09 16:06:18.389844
56229603581	Shirlee Cassius	wizsak3@msn.com	+351 203 742 7439	+420 939 582 6035	2096652538	A	U00001	2021-11-09 16:06:18.389844
52551005051	Wren Izsak	aderrick4@woothemes.com	+30 675 790 3409	+420 476 213 4992	6668466534	A	U00001	2021-11-09 16:06:18.389844
39214879057	Abbe Derrick	wcorradino5@wufoo.com	+27 392 885 0591	+57 358 920 7313	0597879662	A	U00001	2021-11-09 16:06:18.389844
61778090203	Willard Corradino	bdener6@house.gov	+992 103 161 8422	+967 885 984 5548	5558036807	A	U00001	2021-11-09 16:06:18.389844
08260792650	Binnie Dener	aosment7@epa.gov	+86 553 590 8940		7501933257	A	U00001	2021-11-09 16:06:18.389844
68978925234	Amerigo Osment	jdyke8@shutterfly.com	+62 205 466 9917	+237 956 891 4422	3472355586	A	U00001	2021-11-09 16:06:18.389844
53759846193	Joby Dyke	mmulqueeny9@dyndns.org	+1 779 591 1328		5618681673	A	U00001	2021-11-09 16:06:18.389844
98460971516	Mirelle Mulqueeny	isedwicka@abc.net.au	+62 597 102 3488		2711492855	A	U00001	2021-11-09 16:06:18.389844
04588468118	Inglis Sedwick	growcliffeb@tinyurl.com	+33 345 149 7953		4266613467	A	U00001	2021-11-09 16:06:18.389844
93412837338	Gabriello Rowcliffe	mkensonc@tiny.cc	+46 846 373 5040	+55 204 744 9049	4801688228	A	U00001	2021-11-09 16:06:18.389844
36384439559	Merrielle Kenson	cschonfelderd@live.com	+86 113 914 4279		2803167613	A	U00001	2021-11-09 16:06:18.389844
01435833772	Cammy Schonfelder	enaceye@squidoo.com	+86 918 522 5363	+81 747 395 7349	5036986834	A	U00001	2021-11-09 16:06:18.389844
77546101854	Esme Nacey	gewbankf@usnews.com	+86 728 132 7504		5137904499	A	U00001	2021-11-09 16:06:18.389844
08907021184	Geneva Ewbank	bshickleg@spiegel.de	+595 521 466 8406		1160131104	A	U00001	2021-11-09 16:06:18.389844
72444191528	Bobbye Shickle	lfiddymenth@com.com	+353 798 844 0417	+46 223 806 9494	8216993412	A	U00001	2021-11-09 16:06:18.389844
77745449493	Leora Fiddyment	ytingleyi@stanford.edu	+86 423 497 7195		5079289663	A	U00001	2021-11-09 16:06:18.389844
80661732710	Yvor Tingley	itaddj@yandex.ru	+63 714 467 1133	+86 935 645 4803	6696255009	A	U00001	2021-11-09 16:06:18.389844
88696911799	Ilene Tadd	jdollmank@baidu.com	+46 864 255 7094		4640897605	A	U00001	2021-11-09 16:06:18.389844
50113725170	Joleen Dollman	egorckel@blogtalkradio.com	+86 657 867 5224	+677 761 172 2149	4292090059	A	U00001	2021-11-09 16:06:18.389844
44403951049	Erskine Gorcke	cbarbem@biblegateway.com	+33 436 753 5734		1570632968	A	U00001	2021-11-09 16:06:18.389844
44606526683	Carroll Barbe	rdomenguen@redcross.org	+62 945 674 8687	+380 942 313 0553	0797065603	A	U00001	2021-11-09 16:06:18.389844
08055967675	Rhonda Domengue	rfokero@freewebs.com	+351 828 225 0006		7890942512	A	U00001	2021-11-09 16:06:18.389844
89421157292	Roanna Foker	mgradlyp@reuters.com	+351 115 869 1608		9628054033	A	U00001	2021-11-09 16:06:18.389844
85301834487	Massimiliano Gradly	bstarmontq@cnet.com	+63 169 730 4718		6447318564	A	U00001	2021-11-09 16:06:18.389844
24627451155	Brocky Starmont	aposvnerr@desdev.cn	+62 419 273 9396	+82 785 880 1343	3459101537	A	U00001	2021-11-09 16:06:18.389844
58969122572	Aigneis Posvner	agillespeys@answers.com	+46 182 662 0274		4454865592	A	U00001	2021-11-09 16:06:18.389844
88441295989	Alecia Gillespey	yparkeyt@1688.com	+375 228 543 4063		4444796636	A	U00001	2021-11-09 16:06:18.389844
38206052690	Yance Parkey	plebandu@vistaprint.com	+375 583 384 8846	+62 298 569 2575	4889252088	A	U00001	2021-11-09 16:06:18.389844
80017125343	Patrizius Leband	ablackbornev@rambler.ru	+353 342 373 3592		6953470606	A	U00001	2021-11-09 16:06:18.389844
45878187204	Audi Blackborne	karpinw@house.gov	+86 406 146 4008	+54 288 926 0160	0840682039	A	U00001	2021-11-09 16:06:18.389844
04040613921	Kienan Arpin	jminichix@shop-pro.jp	+63 971 344 7719		8444388162	A	U00001	2021-11-09 16:06:18.389844
07290206198	Juieta Minichi	kskowcrafty@narod.ru	+86 287 681 9683		9897698242	A	U00001	2021-11-09 16:06:18.389844
80706379470	Katine Skowcraft	gmcmillianz@mtv.com	+48 575 745 8615		6650993564	A	U00001	2021-11-09 16:06:18.389844
09496347742	Gib McMillian	scansdill10@altervista.org	+1 488 517 9580	+33 580 869 0396	0042058140	A	U00001	2021-11-09 16:06:18.389844
25901786012	Skipp Cansdill	nstandring11@123-reg.co.uk	+595 400 865 7051	+62 238 170 7259	5011125674	A	U00001	2021-11-09 16:06:18.389844
97550718380	Nikola Standring	rotierney12@aboutads.info	+33 478 935 5010		4753757651	A	U00001	2021-11-09 16:06:18.389844
30796387682	Roxana O Tierney	tguiot13@thetimes.co.uk	+62 437 941 2267		0211183491	A	U00001	2021-11-09 16:06:18.389844
23139928245	Thain Guiot	sstoeck14@redcross.org	+63 516 970 3693	+86 685 929 7556	5962608847	A	U00001	2021-11-09 16:06:18.389844
70436417687	Sayer Stoeck	mlivingston15@webeden.co.uk	+56 173 946 6871		9707975590	A	U00001	2021-11-09 16:06:18.389844
63442980784	Miles Livingston	fleidecker16@scribd.com	+66 467 524 2739	+688 442 964 5411	0721180764	A	U00001	2021-11-09 16:06:18.389844
21257121899	Frants Leidecker	yhingeley17@google.co.uk	+66 240 783 8606		9603290986	A	U00001	2021-11-09 16:06:18.389844
63209554086	Yvon Hingeley	hjanos18@bravesites.com	+51 414 523 4458		3797044483	A	U00001	2021-11-09 16:06:18.389844
89952874681	Heinrick Janos	cshapcote19@cargocollective.com	+86 692 509 3647		7431052343	A	U00001	2021-11-09 16:06:18.389844
37602751506	Chrystel Shapcote	rkilius1a@youtu.be	+420 407 968 6290		0137428705	A	U00001	2021-11-09 16:06:18.389844
15747885859	Rena Kilius	edumphrey1b@omniture.com	+48 483 848 1300		5772281905	A	U00001	2021-11-09 16:06:18.389844
26829599486	Emelina Dumphrey	skettle1c@printfriendly.com	+54 172 100 9488		3374067679	A	U00001	2021-11-09 16:06:18.389844
58869908426	Shaw Kettle	bmetson1d@clickbank.net	+63 674 278 2009		3524558314	A	U00001	2021-11-09 16:06:18.389844
70256618066	Bianka Metson	smurthwaite1e@gmpg.org	+92 876 847 9405		4946126393	A	U00001	2021-11-09 16:06:18.389844
75599234744	Sammie Murthwaite	mduplock1f@cnet.com	+63 685 462 7611	+973 303 494 7705	7976228315	A	U00001	2021-11-09 16:06:18.389844
62371944210	Margalo Duplock	clambeth1g@ameblo.jp	+62 733 461 9691	+216 471 318 1152	6876179555	A	U00001	2021-11-09 16:06:18.389844
46158908591	Clem Lambeth	fhattersley1h@ehow.com	+245 144 274 7989	+62 882 624 4738	2096652538	A	U00001	2021-11-09 16:06:18.389844
00171443774	Federico Hattersley	wceller1i@earthlink.net	+351 434 729 3806		6668466534	A	U00001	2021-11-09 16:06:18.389844
02575941105	Wyn Celler	rfaulkner1j@macromedia.com	+62 472 508 6162		0597879662	A	U00001	2021-11-09 16:06:18.389844
89048828711	Remus Faulkner	jmancer1k@bloglovin.com	+57 667 806 6888	+58 872 502 8689	5558036807	A	U00001	2021-11-09 16:06:18.389844
63631133362	Jemie Mancer	mkleint1l@ibm.com	+358 427 725 7679		7501933257	A	U00001	2021-11-09 16:06:18.389844
38717224286	Mindy Kleint	cmuncaster1m@digg.com	+1 410 535 9921		3472355586	A	U00001	2021-11-09 16:06:18.389844
90087724164	Corie Muncaster	mlosel1n@ed.gov	+51 996 436 0572		5618681673	A	U00001	2021-11-09 16:06:18.389844
40226707220	Maximilian Losel	haldam1o@soundcloud.com	+234 446 359 9821		2711492855	A	U00001	2021-11-09 16:06:18.389844
35964204447	Hilde Aldam	kweavers1p@ibm.com	+850 976 202 4447		4266613467	A	U00001	2021-11-09 16:06:18.389844
77145824589	Kayla Weavers	crumin1q@buzzfeed.com	+86 802 149 5737	+62 623 652 1407	4801688228	A	U00001	2021-11-09 16:06:18.389844
31660403741	Conchita Rumin	ckynton1r@studiopress.com	+81 292 298 9513		2803167613	A	U00001	2021-11-09 16:06:18.389844
39363902936	Claudio Kynton	araselles1s@taobao.com	+86 143 660 7904		5036986834	A	U00001	2021-11-09 16:06:18.389844
93399193021	Agace Raselles	chaseldine1t@wsj.com	+33 775 343 2795		5137904499	A	U00001	2021-11-09 16:06:18.389844
81435199613	Ceil Haseldine	csibbit1u@ameblo.jp	+86 381 254 4285	+58 549 453 6670	1160131104	A	U00001	2021-11-09 16:06:18.389844
97461307760	Caron Sibbit	cgregorace1v@sina.com.cn	+30 833 617 9996		8216993412	A	U00001	2021-11-09 16:06:18.389844
24916737861	Colleen Gregorace	adeaville1w@phpbb.com	+7 146 167 4385	+55 421 442 2110	5079289663	A	U00001	2021-11-09 16:06:18.389844
00077734146	Alva Deaville	gordidge1x@kickstarter.com	+62 855 168 0431	+55 186 403 9382	6696255009	A	U00001	2021-11-09 16:06:18.389844
64175561740	Gabriella Ordidge	hick1y@blogger.com	+66 796 331 8501		4640897605	A	U00001	2021-11-09 16:06:18.389844
41723363141	Hamish Ick	mripley1z@wsj.com	+7 410 722 9996		4292090059	A	U00001	2021-11-09 16:06:18.389844
17988490731	Mead Ripley	gcicero20@yelp.com	+48 766 760 7406		1570632968	A	U00001	2021-11-09 16:06:18.389844
80941257194	Griffy Cicero	dmckleod21@deliciousdays.com	+33 828 747 3095		0797065603	A	U00001	2021-11-09 16:06:18.389844
74246150358	Dennis McKleod	smonteith22@addtoany.com	+7 254 297 8470	+86 148 558 6846	7890942512	A	U00001	2021-11-09 16:06:18.389844
47749761426	Sherrie Monteith	churrell23@va.gov	+86 959 378 7029	+62 640 227 9484	9628054033	A	U00001	2021-11-09 16:06:18.389844
10619658450	Celia Hurrell	gtedstone24@cbsnews.com	+86 144 256 1988		6447318564	A	U00001	2021-11-09 16:06:18.389844
67174616931	Gladi Tedstone	lsygrove25@tinypic.com	+62 225 135 5993	+95 388 777 4729	3459101537	A	U00001	2021-11-09 16:06:18.389844
79976388515	Linda Sygrove	bwynrahame26@economist.com	+54 685 847 7382	+86 885 977 2085	4454865592	A	U00001	2021-11-09 16:06:18.389844
77465542050	Beatrix Wynrahame	rbattill27@chicagotribune.com	+225 863 198 8686	+7 752 764 9626	4444796636	A	U00001	2021-11-09 16:06:18.389844
87262241633	Rowena Battill	kgabe28@dailymail.co.uk	+63 884 837 9775	+92 526 201 9151	4889252088	A	U00001	2021-11-09 16:06:18.389844
85160274771	Kara-lynn Gabe	cnanetti29@upenn.edu	+86 423 182 6757		6953470606	A	U00001	2021-11-09 16:06:18.389844
45472346772	Cesare Nanetti	orothman2a@artisteer.com	+380 338 364 1315		0840682039	A	U00001	2021-11-09 16:06:18.389844
75559894858	Orrin Rothman	bgallardo2b@deviantart.com	+7 938 661 8510		8444388162	A	U00001	2021-11-09 16:06:18.389844
77041610719	Becca Gallardo	bmacilwrick2c@wsj.com	+507 941 113 2732	+57 539 829 8952	9897698242	A	U00001	2021-11-09 16:06:18.389844
26662242606	Bernardina MacIlwrick	ekintish2d@cbsnews.com	+1 303 363 4067	+86 100 181 2377	6650993564	A	U00001	2021-11-09 16:06:18.389844
02656017442	Elwin Kintish	lhalesworth2e@umich.edu	+7 618 771 3302		0042058140	A	U00001	2021-11-09 16:06:18.389844
91032427739	Leda Halesworth	stitchener2f@ehow.com	+86 982 251 2650	+240 537 378 0185	5011125674	A	U00001	2021-11-09 16:06:18.389844
02758344952	Sterling Titchener	sbratcher2g@fema.gov	+30 635 554 9673	+7 622 827 5274	4753757651	A	U00001	2021-11-09 16:06:18.389844
77318606732	Smith Bratcher	gmelladew2h@dmoz.org	+55 394 395 6468		0211183491	A	U00001	2021-11-09 16:06:18.389844
05721216500	Gabriel Melladew	ckitney2i@skype.com	+31 782 224 7146		5962608847	A	U00001	2021-11-09 16:06:18.389844
06151292261	Carrie Kitney	acresar2j@twitpic.com	+86 273 815 5571	+86 521 457 8311	9707975590	A	U00001	2021-11-09 16:06:18.389844
06101673503	Alexi Cresar	mvigors2k@apple.com	+86 355 105 4290		0721180764	A	U00001	2021-11-09 16:06:18.389844
92526992512	Matthiew Vigors	pdalloway2l@soundcloud.com	+972 373 865 4575		9603290986	A	U00001	2021-11-09 16:06:18.389844
21197199660	Perceval Dalloway	ddottridge2m@4shared.com	+7 575 155 8022	+86 562 898 5861	3797044483	A	U00001	2021-11-09 16:06:18.389844
98018938823	Derrik Dottridge	hliepina2n@flickr.com	+86 161 617 0305	+352 804 456 0071	7431052343	A	U00001	2021-11-09 16:06:18.389844
46479642466	Holly Liepina	klintill2o@stumbleupon.com	+7 428 587 2211	+254 146 970 8009	0137428705	A	U00001	2021-11-09 16:06:18.389844
44355798626	Kriste Lintill	sattwater2p@mysql.com	+54 347 505 5140	+86 511 718 9173	5772281905	A	U00001	2021-11-09 16:06:18.389844
15015212402	Sydel Attwater	cfulham2q@europa.eu	+353 951 709 4274	+86 625 131 1574	3374067679	A	U00001	2021-11-09 16:06:18.389844
70194753950	Carny Fulham	nhamberstone2r@omniture.com	+976 457 633 6809	+62 958 229 0697	3524558314	A	U00001	2021-11-09 16:06:18.389844
\.


--
-- Data for Name: warehouse; Type: TABLE DATA; Schema: public; Owner: postgres
--

COPY public.warehouse (bce, email, telephone_number, address, name) FROM stdin;
1024444158	bol@gmail.com	+32492568712	Rue rasson 51	main warehouse
\.


--
-- Name: purchase_order_detail_norderdetailuuid_seq; Type: SEQUENCE SET; Schema: public; Owner: postgres
--

SELECT pg_catalog.setval('public.purchase_order_detail_norderdetailuuid_seq', 409, true);


--
-- Name: purchase_order_norderuuid_seq; Type: SEQUENCE SET; Schema: public; Owner: postgres
--

SELECT pg_catalog.setval('public.purchase_order_norderuuid_seq', 100, true);


--
-- Name: category category_pk; Type: CONSTRAINT; Schema: public; Owner: postgres
--

ALTER TABLE ONLY public.category
    ADD CONSTRAINT category_pk PRIMARY KEY (ccategory);


--
-- Name: product product_pk; Type: CONSTRAINT; Schema: public; Owner: postgres
--

ALTER TABLE ONLY public.product
    ADD CONSTRAINT product_pk PRIMARY KEY (ccategory, cproductname);


--
-- Name: purchase_order_detail purchase_order_detail_pk; Type: CONSTRAINT; Schema: public; Owner: postgres
--

ALTER TABLE ONLY public.purchase_order_detail
    ADD CONSTRAINT purchase_order_detail_pk PRIMARY KEY (norderdetailuuid);


--
-- Name: purchase_order purchase_order_pk; Type: CONSTRAINT; Schema: public; Owner: postgres
--

ALTER TABLE ONLY public.purchase_order
    ADD CONSTRAINT purchase_order_pk PRIMARY KEY (norderuuid);


--
-- Name: supplier_contact supplier_contact_pk; Type: CONSTRAINT; Schema: public; Owner: postgres
--

ALTER TABLE ONLY public.supplier_contact
    ADD CONSTRAINT supplier_contact_pk PRIMARY KEY (ccontactidentity);


--
-- Name: supplier supplier_pk; Type: CONSTRAINT; Schema: public; Owner: postgres
--

ALTER TABLE ONLY public.supplier
    ADD CONSTRAINT supplier_pk PRIMARY KEY (csupplierbce);


--
-- Name: warehouse warehouse_pkey; Type: CONSTRAINT; Schema: public; Owner: postgres
--

ALTER TABLE ONLY public.warehouse
    ADD CONSTRAINT warehouse_pkey PRIMARY KEY (bce);


--
-- Name: product product_ccategory_fk; Type: FK CONSTRAINT; Schema: public; Owner: postgres
--

ALTER TABLE ONLY public.product
    ADD CONSTRAINT product_ccategory_fk FOREIGN KEY (ccategory) REFERENCES public.category(ccategory) ON UPDATE CASCADE ON DELETE RESTRICT;


--
-- Name: product product_csupplierbce_fk; Type: FK CONSTRAINT; Schema: public; Owner: postgres
--

ALTER TABLE ONLY public.product
    ADD CONSTRAINT product_csupplierbce_fk FOREIGN KEY (csupplierbce) REFERENCES public.supplier(csupplierbce) ON UPDATE CASCADE ON DELETE RESTRICT;


--
-- Name: purchase_order purchase_order_csupplierbce_fk; Type: FK CONSTRAINT; Schema: public; Owner: postgres
--

ALTER TABLE ONLY public.purchase_order
    ADD CONSTRAINT purchase_order_csupplierbce_fk FOREIGN KEY (csupplierbce) REFERENCES public.supplier(csupplierbce) ON UPDATE CASCADE ON DELETE RESTRICT;


--
-- Name: purchase_order_detail purchase_order_detail_norderuuid_fk; Type: FK CONSTRAINT; Schema: public; Owner: postgres
--

ALTER TABLE ONLY public.purchase_order_detail
    ADD CONSTRAINT purchase_order_detail_norderuuid_fk FOREIGN KEY (norderuuid) REFERENCES public.purchase_order(norderuuid) ON UPDATE CASCADE ON DELETE RESTRICT;


--
-- Name: supplier_contact supplier_contact_csupplierbce_fk; Type: FK CONSTRAINT; Schema: public; Owner: postgres
--

ALTER TABLE ONLY public.supplier_contact
    ADD CONSTRAINT supplier_contact_csupplierbce_fk FOREIGN KEY (csupplierbce) REFERENCES public.supplier(csupplierbce) ON UPDATE CASCADE ON DELETE RESTRICT;


--
-- PostgreSQL database dump complete
--

